award_id,application_id,household_id,award_amount,award_date,need_category,outcome_followup_days
1,108,38fbdb9d-4415-470b-9016-a159571e01eb,198940.96,2024-11-04,other,172
2,63,bcc87980-f137-4962-8912-ed2202a1ed0a,112133.62,2024-10-28,food,
3,42,7b64ea2c-ddae-4b66-933e-05050e7dadb0,90792.53,2024-10-26,childcare,
4,100,d280a9d1-2662-4706-a428-8ccb115695a8,88749.49,2024-10-25,medical,231
5,58,3c26c95d-d772-472b-8923-3e0c4c38e31a,122418.8,2024-11-02,medical,171
6,106,94d6712d-8635-451e-b2f7-16baec2ef464,134743.31,2024-10-23,education,
7,31,b1fcec36-07c0-4550-8204-aefc6f11660b,106467.36,2024-10-19,utilities,
8,64,9d4d79a4-a233-4bb9-88dc-48c7a5d155fc,86759.81,2024-10-26,medical,
9,41,2eb35aae-32f6-4bb2-a821-462c10657bd1,88603.81,2024-10-26,food,
10,86,d9ba4c41-97c6-419e-ab50-3d48626c03ae,109041.86,2024-11-04,medical,
11,33,e1be0c43-8ebf-4cf5-bb57-90a8da446f91,100628.26,2024-10-19,other,
12,69,ef723e3b-d352-4bfb-b6bd-e49ad887fd03,106001.47,2024-10-30,rent_arrears,
13,47,38168768-8a98-4703-bd34-0608eceddb60,56023.5,2024-11-02,other,
14,57,bb7cbcdc-ad87-4795-87ab-6099a2286ab9,31961.11,2024-11-04,medical,238
15,32,e50a841c-004c-4cae-826f-44e1f7175013,89849.79,2024-11-02,medical,73
16,71,7bc077ff-57a9-4778-b622-fe2c9dc43c13,31249.28,2024-11-03,food,
17,1,8cd806b7-b5b8-4bd6-beb1-270a44a3699a,87540.45,2024-10-23,education,
18,20,5572dc83-1e4e-4532-b626-afab1b1b2799,61076.06,2024-10-14,food,84
19,59,303340c4-d11f-4dbe-90b6-1436af06ee29,79558.86,2024-10-23,education,
20,18,67df2d4f-808b-4c16-b640-fa09c27d9404,77627.23,2024-11-11,food,
21,39,202dcd02-de5c-4d98-a342-58f9f6a25df2,112686.51,2024-11-13,education,
22,74,f7fe0bfb-9cd3-4a5c-a6db-8d29b72a6d4e,96219.32,2024-11-16,food,
23,122,9ed9c0cc-2b26-42ad-a716-ff6f2c0907dc,101591.86,2024-10-04,rent_arrears,
24,15,52f641dd-b9eb-42b2-bc34-e5cbd8d4eef0,100239.87,2024-10-11,education,
25,2,8c327e35-801d-465e-9820-c8ce3c00bc68,68561.89,2024-10-30,other,76
26,95,fbc74b11-6dbf-4d04-8941-e4d88467097a,44797.4,2024-10-25,other,
27,81,ca2a6efc-ca75-4817-8e10-297d2ed6d4fd,50252.65,2024-10-17,rent_arrears,
28,66,8ef3b7cd-4be8-480b-a095-8a4419d2af98,61678.91,2024-11-07,medical,
29,110,471f90fe-587b-4da6-818c-ff48d4ace616,51142.28,2024-10-22,food,194
30,22,ccfccd4e-8e40-426f-aa26-5456c3756a1b,50607.08,2024-11-16,food,
31,114,d1c2a03f-68e7-4c6a-af35-2d08ff2db1da,43347.75,2024-11-03,medical,
32,50,d40081f0-5ded-4d4d-bd03-a123e5df0e77,24052.13,2024-10-23,education,
33,23,f028d01f-c105-40b2-b665-d97d9f5773ab,56558.37,2024-10-28,childcare,
34,19,1d69987e-d9f7-4e67-af3b-406817c1c2d8,94179.72,2024-11-03,education,160
35,3,2df2b118-4eac-4897-b359-369b3e1e04d8,32803.87,2024-11-07,rent_arrears,
36,9,66fbf659-41e6-4862-af8c-5fbef1075e5a,58869.28,2024-11-12,rent_arrears,195
37,70,5804d2a4-d21d-4470-b62a-9877cdc22c6c,49462.56,2024-11-01,utilities,
38,118,c1de7a9d-e698-44ad-a49d-42906fce558d,45374.74,2024-11-07,medical,
39,111,0dc105f3-5f12-4cab-a0bf-d0b5f1afb684,33926.0,2024-10-23,utilities,90
40,91,6760a50f-9384-4902-99f2-8579b8430b72,10758.77,2024-10-29,medical,
41,36,67cd1802-712c-4769-8dd2-cf5320c2b6c4,5132.54,2024-10-10,medical,
42,48,238e674c-f486-40a3-9319-1b3218c8cfc5,3074.87,2024-11-04,childcare,
43,214,f6f83a08-1ff7-47ec-a8e5-24a95876ec01,212333.74,2024-11-19,utilities,214
44,224,f2e49399-29f0-4597-b9ed-e994a722a92e,200377.01,2024-11-28,education,
45,228,0580a5dd-9370-4029-a936-1958e69e8189,81546.66,2024-11-26,food,
46,205,c7ee6de4-f759-4e2b-9832-436edf0f1d9b,198731.57,2024-11-28,rent_arrears,
47,232,75fc85d9-c278-4d02-9fac-45ff566e3d33,170050.66,2024-12-13,medical,
48,189,c4ea7bb0-a5df-4c36-9cbb-ea7b23af7479,125279.64,2024-11-10,medical,232
49,139,dca62213-f769-4d97-b4ef-56b058ff1a99,83286.0,2024-11-11,medical,
50,244,0684da5f-a37b-4e65-bd77-5740d61db134,44733.1,2024-12-03,medical,81
51,220,1d02e4ac-4efb-449f-b7a9-62473717b667,50884.65,2024-11-30,food,
52,249,34391ba6-26c0-4e25-8989-7f8c823ae00b,43894.24,2024-12-08,rent_arrears,
53,213,2019142e-ae7a-4948-9aab-dc1d127cf154,49510.6,2024-11-26,education,
54,149,6908771d-fbe7-4f52-ad48-8b447cda1b51,51451.24,2024-11-26,medical,77
55,201,9d4d79a4-a233-4bb9-88dc-48c7a5d155fc,62422.37,2024-11-15,medical,
56,177,be732638-8d0d-449d-b580-b2563988f074,40943.82,2024-11-27,food,
57,162,33f872c7-6303-49a4-a4bc-236b8b24d0d9,58314.01,2024-12-05,childcare,201
58,170,5702812f-709b-4049-8bd5-68cd206fe49b,76958.8,2024-12-02,childcare,
59,157,704edcee-6021-4351-97e8-84d8817a91e4,79852.09,2024-11-27,medical,
60,153,3dc3f894-e16d-4338-a98b-d706cd161edb,119156.97,2024-12-06,food,238
61,159,b08c1c56-5d39-4926-a434-4dadb98482c6,37345.99,2024-11-17,medical,
62,140,11868052-5c2c-48d9-9ee1-69b249651af9,60956.27,2024-12-01,food,
63,171,f9ca2a14-3d31-4344-a508-9a92aadc5835,51120.71,2024-11-13,education,
64,231,8ca1bb09-8e9f-4e2a-a90a-ea99ffff6e08,43793.61,2024-11-27,medical,
65,206,805eabea-94e5-4ca6-8281-8518a2c5003e,55315.19,2024-12-02,childcare,
66,161,18c2de3a-79ca-40d4-94d3-e5368c017817,57394.65,2024-12-09,food,85
67,158,9ef42c3b-7914-4731-933a-6cd44e45237b,50377.44,2024-11-18,education,
68,211,6d3232e1-644f-474a-b9cf-e9d3cb5519e0,33671.89,2024-12-01,food,
69,227,17e9e111-b3be-4f63-bd46-efd080768337,75748.28,2024-12-02,medical,
70,216,91f767d0-f7ba-4df2-9621-4b4d993a3f8b,61291.63,2024-11-17,food,210
71,241,e97e8c30-387e-42ce-9c3f-6de8522316fe,34985.25,2024-12-02,food,140
72,212,d033d8d4-bce4-4c03-bf0f-7f1caff1d964,95180.44,2024-12-04,education,
73,196,a0711d5a-360d-43ec-9ac0-0c1a4b917d24,13817.38,2024-11-25,medical,73
74,191,b117b5c8-495c-4516-86a8-a123d4acbe4d,76537.92,2024-12-02,other,195
75,248,8349f56c-e71d-44f0-87fe-40de22e6778b,22158.77,2024-11-30,childcare,139
76,199,601ef300-2749-40ee-b36c-b5894acffee5,42336.88,2024-12-08,other,132
77,174,95ab6fc7-98e4-4abe-89dc-8e24ffed1b5b,52224.68,2024-12-17,food,155
78,207,a5b296cb-01f4-45f5-9073-0a48514813ef,67310.85,2024-11-26,food,
79,203,aa173e0c-bb7e-4479-a5ce-ec95b2381a25,23048.75,2024-11-13,rent_arrears,
80,225,334f99e2-dc74-49f7-9158-e0944703d734,20550.98,2024-12-18,food,
81,223,b1cc56cb-7a5f-4928-b880-87f50ed7c565,39910.83,2024-11-08,medical,
82,184,d8fa5ff5-1dd9-418d-8eb9-7dd629101db3,27034.61,2024-12-09,utilities,80
83,180,a4de4fb1-237c-4faa-a943-dcd87ac8daf8,22287.77,2024-12-02,food,126
84,229,fdfff71a-7064-4b81-a4d7-f2a399025115,61733.94,2024-11-25,childcare,
85,247,26534011-60a9-4659-b223-7898cbcc3dd6,57719.27,2024-11-11,utilities,
86,143,b7acf56f-994b-4dca-8cfc-f880f5ddb07a,30620.34,2024-11-24,medical,
87,221,0504d03d-f578-42dc-a755-2752fdbecf42,17293.67,2024-11-11,food,
88,242,b7f65a73-6b59-41e1-9131-0d307cf90936,52672.62,2024-11-13,rent_arrears,62
89,217,99b7b06c-be58-4dbe-bfe4-cf4e8be34881,8428.14,2024-11-26,medical,95
90,187,62153a9e-67c8-425b-9ed8-0862cf02d255,14769.08,2024-11-21,food,178
91,243,3d5601d3-61f3-46e5-b520-c76a3f4ba33d,2977.93,2024-11-24,medical,
92,165,e225ac00-ac40-4504-88f5-8797b540154e,8545.42,2024-11-11,food,
93,234,62948d04-bb80-4b6e-9de3-d1cfa1f8bfa2,4699.19,2024-12-17,other,
94,323,a28460fc-1218-44a3-9f3e-02d160714809,106520.18,2024-12-31,education,60
95,309,6877e43b-c57f-40b6-ad95-5c3b72decf0f,133471.71,2024-12-10,food,
96,362,52526a47-6ad1-4f6d-88d0-4b4f6d6ce016,131971.08,2025-01-03,medical,141
97,289,dabd4f70-0fe9-4695-9e86-364481d2fc85,90714.68,2024-12-20,education,
98,310,5e026f46-bef9-44ed-b9ab-644d1345acbf,68335.6,2025-01-05,food,
99,374,f6a6b957-dfa6-4bb6-bebb-b9cdd1742740,58327.95,2025-01-07,medical,105
100,313,328802d3-4be3-4323-9fba-d2b1beaea32c,67070.47,2024-12-24,education,
101,358,a1738257-49e7-4d9d-8e69-b2173861c023,63140.95,2024-12-26,medical,
102,373,d77761cd-443d-4e73-bb9b-8fb52436b254,84393.29,2025-01-05,medical,
103,349,5d94fba8-9e03-42f8-b26b-2a388e940408,83459.53,2024-12-12,education,
104,333,d9ba4c41-97c6-419e-ab50-3d48626c03ae,124878.37,2024-12-28,medical,
105,295,780616de-0f37-4ce4-8a9d-8af1ca2b9c2d,69387.05,2025-01-08,food,
106,311,ba3c32be-6f67-4376-ab7b-cca6736d6c31,104457.64,2024-12-22,medical,
107,361,538970b1-c02d-4c56-a70b-0a05268e929a,82102.18,2024-12-10,food,
108,325,314903c3-356a-4a0e-ac01-7496992b05bd,79604.87,2024-12-19,food,
109,271,5572dc83-1e4e-4532-b626-afab1b1b2799,93242.38,2024-12-22,food,213
110,312,80c64ae6-42bb-425b-955c-a93dd248a59c,99470.72,2025-01-03,rent_arrears,118
111,324,a9feecf7-6231-42d0-914a-41af8a475d75,73376.26,2024-12-31,food,
112,344,c972ec01-12e3-44c8-a342-3cc05704410d,35738.11,2024-12-29,food,89
113,351,22f86062-1051-4312-b55f-b4be9148af9b,65306.9,2024-12-20,childcare,
114,328,ca2a6efc-ca75-4817-8e10-297d2ed6d4fd,45602.81,2025-01-16,rent_arrears,
115,287,eae0e23a-c146-489d-9eda-cb2676b06ff7,67732.88,2025-01-01,childcare,
116,257,2dbb513b-478a-4ef9-a4b2-0b8fa018c47a,35738.64,2024-12-12,food,
117,276,091b93fd-1126-4c95-8c2d-afa004318173,33542.26,2024-12-21,childcare,176
118,301,84944678-14b6-41be-9654-a073bb3b41d8,31153.95,2024-12-07,medical,76
119,253,75df5a46-82ee-4c82-9f2b-bc5bc9139c1a,76319.17,2024-12-29,funeral,
120,345,6bf0e06d-caa6-4255-985a-bda55fcd8708,45574.64,2025-01-09,food,
121,372,62e675fb-e7e2-4af5-8585-66c32daf6e4e,60952.44,2025-01-02,food,
122,288,de52e948-d9c5-4ec4-b056-8d633b24c3a2,33192.51,2024-12-28,rent_arrears,
123,258,1086cadf-5e01-4669-a8e8-e0039f0f2052,47634.0,2025-01-02,medical,
124,273,a2fd0ca8-a91c-429e-8116-3d172772d073,67044.61,2024-12-24,education,182
125,357,334e895f-0fd6-41b4-bf06-07e99dd262fa,84757.92,2024-12-15,rent_arrears,
126,290,8891bffe-594e-4cd7-9242-651740a8e987,52385.54,2025-01-08,childcare,124
127,353,5bd8ddde-7211-43a3-9a75-9e0c104b8561,62354.09,2024-12-27,medical,
128,294,7e2ca395-58aa-4f0d-884c-25562d440c20,53983.09,2025-01-04,food,
129,335,0c95a71e-fc1e-4e00-842b-be590cdbbe98,28692.11,2024-12-13,medical,
130,363,45c05575-d815-4d5a-ab2b-f68d018a8bd4,52868.96,2024-12-17,utilities,
131,284,d0667e1c-16fd-4e25-b0a3-af287e0d7c18,65887.59,2025-01-05,rent_arrears,
132,264,05af7a87-0173-42f4-980b-c63c0bd2fe2d,22473.21,2024-12-17,food,
133,359,7626ce9e-77ab-4352-8796-980dfa9709ae,23893.84,2024-12-14,medical,185
134,319,4b95ce47-9d48-462b-bc36-74c3698bd841,53465.94,2025-01-05,other,120
135,327,cf44ae8d-2faf-4d6e-a63a-da4ad7573c57,51532.79,2024-12-14,medical,
136,302,8a1e4ff8-26c4-4e40-bfe5-b0b5bc323099,68010.73,2024-12-21,education,204
137,303,76c9f927-8580-4724-99ed-2740296b1d58,20710.73,2024-12-28,food,
138,286,a4b81f0d-bfc2-4ca9-a305-715fc807f46f,46371.38,2025-01-18,rent_arrears,
139,322,295d8905-4ff8-46ce-90a3-27cac5228522,27364.58,2024-12-30,other,
140,550,947e7c9c-977d-46f4-b78a-8f2406a25b7c,155298.72,2025-01-17,childcare,
141,451,a9d58bf7-3c8c-4191-9472-96343bf8d489,109493.25,2025-01-27,food,
142,473,262d3ca0-4fc9-4fc8-be3c-a1eec93f3cc1,84165.2,2025-01-24,education,
143,440,38168768-8a98-4703-bd34-0608eceddb60,73914.98,2025-01-18,other,
144,442,485c1c85-0d78-4a42-8e4c-ebbed7c8d550,125333.28,2025-01-29,rent_arrears,205
145,377,8cd806b7-b5b8-4bd6-beb1-270a44a3699a,98568.78,2025-01-17,food,
146,522,72255447-8e2e-431f-a51d-b1932f38a1fa,128758.19,2025-01-21,medical,208
147,487,15e6df87-cc27-44c8-9d46-192f33ffe088,73732.76,2025-02-09,rent_arrears,225
148,517,7b1e558a-a35e-4a6c-959b-214866121505,107635.75,2025-02-03,education,153
149,510,5104ef24-916a-445b-9253-50d623bfeed5,74302.02,2025-01-28,food,
150,434,17bb4fbd-ff4e-49e5-bba4-05d3edc68a47,27634.18,2025-01-11,food,
151,547,12a34cd2-873e-4e4f-a586-b5dadbfc823c,63487.32,2025-02-05,food,
152,480,48d5c551-1245-4c3c-80a8-48e501093f52,81473.94,2025-01-31,food,141
153,444,df46d202-f503-4a53-a7be-6107e4cc7538,61256.46,2025-01-29,medical,231
154,394,f68e1243-ea53-4e6c-8222-ed0e1b6c5a9e,81732.95,2025-02-11,childcare,101
155,500,4564e630-4772-4567-ac07-b12ce962382b,30380.42,2025-02-05,food,
156,421,cda81f67-2dfb-4303-a0e5-fbe12e5a6423,72525.76,2025-01-10,education,
157,380,628f536f-6ada-4acd-ae14-bc62dfaa5c8b,53218.88,2025-02-16,medical,
158,460,01ff0e8b-c9ec-44a3-8725-42387d07d2d1,43245.08,2025-02-06,education,
159,404,2dee32f1-1cc7-4cd1-ab55-44a049c9041f,36239.85,2025-01-06,childcare,121
160,526,0e11c3a6-9247-4b15-8c41-1f0e0c2af392,66944.96,2025-01-18,education,
161,498,8b5ca3a6-c1c2-4a0f-8548-5ea86f85df31,58386.03,2025-02-06,education,115
162,516,d32feeb8-41e3-4042-b9bf-adaf4b4e2120,49168.19,2025-02-15,education,
163,531,3646d6bc-f290-4826-a9df-777380e0508d,48826.96,2025-01-13,childcare,
164,474,9833e176-1c0d-44c4-b010-42986d33e969,98294.76,2025-01-19,utilities,213
165,455,bcf3b7a9-e210-4c26-a059-620026bc65d1,64038.37,2025-02-18,childcare,199
166,401,dba89078-ef79-4b40-a9db-615f066bc1a0,13711.83,2025-02-06,medical,
167,540,720a7794-ae3a-496f-8995-655f8dc3249b,47826.3,2025-02-07,food,118
168,508,b50b0832-a3b5-4047-afcf-d30f71597bbb,66604.2,2025-01-10,food,177
169,466,d98ff0b3-35a9-4953-be2f-55424ef5756d,37170.49,2025-01-12,food,
170,411,ba4c26ba-49ca-4d21-9322-bbdb13ca4c88,51776.1,2025-02-14,medical,
171,412,100ae852-e9ef-4aa9-973e-d6fffb2d8bb7,47947.55,2025-02-04,food,192
172,389,66fbf659-41e6-4862-af8c-5fbef1075e5a,33653.04,2025-01-25,food,235
173,537,71ab46c5-225b-463c-b93e-d2660f39db43,79056.28,2025-01-15,funeral,
174,465,3dfc0fd3-7f4f-4807-abdb-d30e454f1d17,66363.75,2025-01-06,medical,
175,425,4974e505-3823-420a-b01e-7c789c94029b,29814.92,2025-01-27,childcare,
176,525,f18550dd-2206-40ff-8a3d-9d8120ce1c95,103698.36,2025-01-16,rent_arrears,169
177,429,43f0d76d-24a5-417e-af4f-66e1e4dfeac9,71963.63,2025-02-01,food,
178,381,0dc18a98-f320-49cd-a3e7-b324110045ec,47765.9,2025-02-04,childcare,
179,470,4c99a37a-822c-42a1-864e-0286dd63bbab,39691.18,2025-02-01,other,233
180,384,ed30543c-9d31-4e7f-8e15-22a24fe33430,31995.98,2025-02-19,medical,139
181,494,ffe0c77a-df90-4331-8356-1c17b1c9d80f,34777.15,2025-01-11,medical,235
182,410,6925f127-0f2a-4573-a2ea-44802b4ae17e,41718.63,2025-01-27,education,
183,422,dcc50675-23fa-4d58-a25b-c1ccbf1e503d,24323.11,2025-02-02,food,146
184,507,61fee8bd-4ea7-4e03-8ee5-5055948bcfaf,48147.3,2025-02-05,childcare,106
185,438,c3931116-b6dc-47d9-966e-3ad9dd1d32dd,58972.84,2025-02-10,education,114
186,549,08b19a0b-d56d-498d-82bc-a80e0e1a217d,32891.27,2025-02-16,food,
187,378,8c327e35-801d-465e-9820-c8ce3c00bc68,57288.94,2025-01-31,other,207
188,464,c89e630a-89fe-418f-b10f-5f07d707aadf,27048.04,2025-02-06,utilities,
189,538,7f20f1de-5415-4221-bda3-6c092a162d0a,36031.72,2025-02-17,medical,210
190,431,d543b27a-5e40-4608-8ed3-b71f2c3416a4,10858.75,2025-01-31,food,
191,535,3cca0a20-6db0-49bc-9a11-97e7d8886d9f,15986.4,2025-01-24,food,
192,453,ef94d59e-0bba-4a9d-a23e-fefaa3255d4d,27658.69,2025-01-29,utilities,
193,400,19870b97-dde6-49d4-b91c-c02ee8efc610,35375.86,2025-01-21,education,191
194,403,ef487231-57da-4ff3-aa37-648d9a4d6b39,47424.08,2025-01-19,food,
195,395,943b2a60-c8b3-40de-8742-2f5fe695d8c8,39076.57,2025-01-04,utilities,
196,420,077a6669-68ff-4bb4-afbe-ce061348dd3e,51137.14,2025-02-20,food,116
197,452,dc327450-dfad-48cc-9327-75b83425bb0a,20442.32,2025-01-03,medical,
198,533,c6beeab6-27a4-404a-bc7b-edc1e0685498,28123.44,2025-01-28,funeral,156
199,445,e003e900-8ebd-4819-beed-9fa51fdefb03,6649.43,2025-02-18,funeral,
200,488,c8d54fc4-2317-40eb-b084-025b2500af34,2900.46,2025-02-12,food,
201,541,d5c11000-7f56-418f-9ddf-4a5ab9426327,11348.12,2025-01-26,childcare,
202,437,09f1b9b2-7b57-47e2-96ba-9485b7454cf7,2781.59,2025-02-04,rent_arrears,
203,561,d7c54c17-617f-44c6-ab73-e7c6579a248d,96878.68,2025-02-24,medical,200
204,592,c4568f22-f0e5-40cb-bc1f-26d5f25e7c1b,84618.66,2025-02-17,medical,189
205,707,52526a47-6ad1-4f6d-88d0-4b4f6d6ce016,118994.77,2025-03-03,medical,
206,687,70904637-8864-4dc1-a6f2-5188161dcd7a,118787.75,2025-02-16,utilities,
207,573,39105f98-bf9f-4fbf-911a-3130027f69d1,65621.47,2025-02-28,medical,62
208,656,06098582-1700-47c8-a8a2-6bfe7d908136,62541.95,2025-02-16,other,180
209,661,8d664945-6d6b-4e51-bd70-b446a7686212,121987.52,2025-02-08,medical,208
210,678,f1c794ab-975f-49fa-aaa5-267711817af8,77052.06,2025-02-17,utilities,211
211,600,b1fcec36-07c0-4550-8204-aefc6f11660b,54388.59,2025-02-20,other,
212,706,538970b1-c02d-4c56-a70b-0a05268e929a,120294.63,2025-02-06,food,128
213,585,a8bad0a6-9230-4ea4-821b-1d919f709028,69154.73,2025-03-13,education,
214,641,ba3c32be-6f67-4376-ab7b-cca6736d6c31,118289.31,2025-02-24,medical,
215,590,61c38976-8097-4fc7-a9ff-dad0f1d248bc,47920.44,2025-03-08,medical,
216,697,9b952ea8-6315-4be7-a528-87927f371325,63868.81,2025-02-26,medical,
217,704,f90b2938-3668-4689-9cfc-a60fd0cdbd5e,103087.88,2025-02-05,medical,
218,552,26c7a631-84bf-4845-ac6d-d76aadc9d6ef,49077.78,2025-02-13,other,
219,657,a5b296cb-01f4-45f5-9073-0a48514813ef,63384.53,2025-03-08,food,
220,660,2884d25b-2b7c-44d1-8e5b-49a1767c78b6,28493.98,2025-02-17,medical,
221,679,d5dbffb2-d8b0-41fa-946b-daf226fa9ba8,72540.2,2025-02-20,food,
222,632,661468f1-b156-4b61-8e97-9d4f94ce0c89,67608.15,2025-02-11,medical,
223,699,35741bff-82a4-4934-b1f3-ef1ff69056b9,72501.45,2025-03-05,medical,
224,651,9ac01d3f-e4f0-4510-9279-98a5e3eb7894,64274.17,2025-03-07,childcare,
225,614,5e4251eb-b2f2-4184-b28d-bb9694a52d17,139026.25,2025-02-24,utilities,199
226,658,08e68b59-1bf8-4695-82f2-58495a8b6491,39129.57,2025-03-02,food,
227,597,a029a3d3-16c8-4d4a-8154-e9f80477caa6,55958.02,2025-02-15,utilities,
228,558,f4551abd-754e-4964-8d0a-2201107ac522,75517.4,2025-02-27,rent_arrears,
229,586,5572dc83-1e4e-4532-b626-afab1b1b2799,109529.74,2025-02-16,medical,157
230,688,d02d59ca-b9ac-47c3-956a-2a0311e09d5d,36384.76,2025-02-20,food,198
231,646,0642ba6c-efb5-47c7-bb1a-e729e3e55b37,75736.42,2025-02-19,education,149
232,617,53e41f5a-b15d-4b1b-b87c-ac26568b4ad9,51194.28,2025-02-08,medical,
233,684,53b54c8e-f80f-41ff-9646-d4fb00fdf3da,82061.13,2025-02-27,food,232
234,648,fa10772b-607a-4f23-8526-ef3910b33ece,52012.26,2025-03-09,rent_arrears,
235,610,0883df0c-e16f-4d70-a883-3f58f527a240,57760.77,2025-03-09,food,
236,692,7e14d4ae-7b28-4ae3-80bb-c2c3dcc7a7d9,117102.54,2025-03-07,childcare,76
237,570,3e3474a3-7b10-457f-aa9d-41234fa3bf1c,52606.88,2025-02-13,childcare,
238,686,8b5ca3a6-c1c2-4a0f-8548-5ea86f85df31,36635.39,2025-02-14,food,
239,602,dce2cfca-0e31-4a42-8874-cc7315eba41d,36689.26,2025-02-21,rent_arrears,
240,571,9eb46d0e-1707-4e76-beaf-4fa679770fdf,50811.6,2025-02-07,education,
241,659,07d58db5-ce9c-4625-be24-03bd038ccd41,70840.69,2025-02-09,food,
242,667,d97345d3-4769-4c71-ab88-aeca02c20071,63843.28,2025-02-05,utilities,
243,675,a2ea844f-057d-46d6-9195-adb9146ab027,43260.0,2025-02-21,medical,
244,556,4d1680d0-6818-4789-a981-178c592b1f34,2816.01,2025-02-24,rent_arrears,107
245,714,b20555fc-2dd0-49ff-adfa-f2ac7e6216d9,32593.76,2025-02-24,education,
246,771,e39573a0-986d-4713-962b-483beba87b7c,172715.29,2025-03-27,rent_arrears,
247,886,947e7c9c-977d-46f4-b78a-8f2406a25b7c,98180.75,2025-03-28,food,
248,778,ae4f8887-c7df-441d-9fa5-a3e3c6ace9ea,144348.74,2025-03-13,funeral,219
249,733,72d9ca14-f788-429f-a7df-87a555933ac0,90971.78,2025-04-12,rent_arrears,149
250,799,e729edb1-0728-48a2-8974-bb59919276b8,107587.99,2025-04-12,rent_arrears,
251,872,69c0c5a5-4663-49f9-9827-0d1a2bf05c7b,106507.21,2025-03-16,childcare,
252,824,0dc00888-4207-4034-ae3b-bb7ffe403249,94079.27,2025-03-28,medical,
253,817,bcc87980-f137-4962-8912-ed2202a1ed0a,146187.43,2025-04-01,childcare,
254,785,e398e47b-63df-4e5e-a40a-698306567cc6,97722.37,2025-03-29,medical,
255,811,893f1a36-61ad-4380-ab0f-6f5b82af4fc4,44205.59,2025-03-18,food,
256,743,d9c36553-42e0-49a9-bf86-0579f653ec13,62248.33,2025-04-07,food,
257,794,37baee31-2084-4723-ab0e-0f0abc9b2ac0,37058.34,2025-04-02,food,153
258,740,013822d1-4c8c-456b-8c47-f341801e2525,88259.26,2025-04-20,childcare,
259,770,b8ca8dba-ce50-4d58-9dbf-127871b751af,70351.08,2025-03-31,medical,
260,837,acf7b0b6-70b5-4018-867f-ff800df4cc69,97393.42,2025-04-08,medical,
261,861,0f712b8a-88b5-483b-b704-2a76cc7a5c48,53560.88,2025-03-16,food,116
262,777,5702812f-709b-4049-8bd5-68cd206fe49b,55081.45,2025-03-15,food,
263,851,c16355f9-1a53-418b-9c3d-114b978f9cec,70069.72,2025-04-03,medical,
264,847,af064c9e-10f5-41d9-afc9-ef44ff5d5da8,28147.07,2025-03-26,medical,
265,818,e165a7b8-f88f-49fe-9f90-a4cab723dc51,40712.95,2025-03-07,medical,206
266,815,f75a68b1-3eb8-460c-af4d-7ecb0e32731d,78950.3,2025-03-17,medical,
267,843,ca2a6efc-ca75-4817-8e10-297d2ed6d4fd,31744.81,2025-04-02,education,
268,879,66a28318-2293-4694-b27f-c0060af88749,79275.46,2025-03-15,funeral,
269,871,6d8868e3-07f5-4c76-b069-e8122348bd81,59648.02,2025-03-23,medical,
270,784,f9ca2a14-3d31-4344-a508-9a92aadc5835,58470.72,2025-03-20,funeral,
271,830,d4760e8a-2287-4e57-a59f-5e5942aeee7b,64779.94,2025-03-26,other,
272,761,cbd80ae5-6732-4dea-85a9-9eeffc9b92ad,110993.01,2025-04-12,medical,142
273,738,a023a53a-cdcf-4db5-83a7-d41b578a5c45,16582.28,2025-04-06,medical,
274,838,b1891f92-62f4-4832-8e70-e52a9049a6c2,66161.94,2025-03-08,education,
275,734,34ef1097-e80f-47d2-a25d-71cc08a36c4c,48807.5,2025-03-27,utilities,119
276,732,6922a7a3-5b38-409d-b1ad-0b11d4559062,53389.57,2025-03-30,rent_arrears,
277,822,04f84c9a-abbf-429f-8f36-20049f146fb8,48353.64,2025-04-03,rent_arrears,141
278,828,43eacdfb-30c3-4e43-8a9a-38d2fab6a4a6,77101.81,2025-04-06,education,
279,806,92404703-348a-4f33-a902-f001632dc0a6,64554.27,2025-04-13,medical,
280,810,d9c700c7-18cf-4d5e-af5e-15e2d55fd404,71834.12,2025-04-07,food,239
281,781,4544cb17-4723-412c-b192-743c692fe724,58317.19,2025-03-18,food,194
282,845,ba9db36f-2728-4de1-853b-1c5406578190,28662.11,2025-04-04,food,
283,782,16eea6c0-7459-4a64-a893-46ab973010ac,35927.5,2025-03-13,food,
284,880,41107519-b0f5-4b0b-afac-ef2c466162d0,41481.7,2025-03-21,other,
285,730,9e9d9445-0493-4365-8bb0-789993f79c65,34919.11,2025-03-31,education,214
286,747,47688135-14c5-4240-92c1-6263349d057e,25273.64,2025-03-27,medical,
287,792,211556d7-269e-4bd5-87a2-eb12750498a6,18511.29,2025-03-11,utilities,117
288,884,5e4e9f26-4140-4e8e-9a5b-c4e8e7be22c7,74156.02,2025-03-26,utilities,110
289,870,777b156f-337c-4b3f-b28b-c6da7f0cfb4e,43867.41,2025-03-21,rent_arrears,231
290,801,d8fa5ff5-1dd9-418d-8eb9-7dd629101db3,17194.28,2025-03-07,funeral,89
291,875,58e55b23-d683-4f4f-8825-523790dd3351,22930.83,2025-03-22,food,
292,754,7100725a-ccbe-47d1-b15e-dc0b8a332cd4,23815.81,2025-03-25,medical,
293,855,216b9343-cdb6-4bbc-8bdd-7ffdacc42675,18813.87,2025-03-17,other,187
294,881,92b30084-9901-44ae-819b-b7935f1e1f79,22209.67,2025-03-23,education,
295,857,4905bfa2-397f-44aa-919c-57380a8c5390,22485.41,2025-03-23,food,
296,783,becbe859-d6f0-4d3b-879a-66072422b833,20921.73,2025-04-13,medical,
297,807,a36d5e4e-bf89-4298-9d7d-70f59624a4a4,42480.82,2025-04-02,childcare,156
298,876,b9e66523-ef88-48b5-bbec-04d17bf052a0,25313.48,2025-03-13,education,
299,841,63f8d386-6e92-436e-bbdb-3e678dbeeaac,37459.51,2025-04-06,medical,72
300,878,9c0da7ac-4931-4ffc-988a-53a311ba478e,29097.9,2025-03-19,food,80
301,774,0f531323-b023-4176-8475-0e50b62f5730,19183.18,2025-03-22,childcare,117
302,790,312546b7-a476-4cdf-add9-2bb68e13c1ea,28960.58,2025-03-16,childcare,
303,813,b7a5d2f7-9ad8-4bc7-a748-5aed045f4ebb,22234.44,2025-04-04,medical,228
304,788,95ab6fc7-98e4-4abe-89dc-8e24ffed1b5b,43851.63,2025-03-15,education,
305,779,a9e76fc6-5106-4c1c-84c9-11d142fa52a4,16597.35,2025-03-31,medical,220
306,877,ffc90bbf-7157-45dc-844e-e4a654718c7e,19371.7,2025-03-29,medical,
307,883,efcc0b6f-250e-48f9-bd45-9b17691e0ffc,31578.45,2025-03-25,other,
308,873,c3b5e7d9-5484-4a47-98a0-c724416fce90,24277.8,2025-03-25,utilities,128
309,936,6178c8fd-7785-459c-856d-2ba265253f98,127655.25,2025-04-26,rent_arrears,
310,896,9f49d62e-28ea-46ee-9d75-5c1446d87e31,96223.54,2025-04-27,food,
311,1048,4c8d37dc-2704-4f39-b3a8-2f19482222d0,75885.61,2025-04-09,education,
312,909,23b1b122-d832-4bc2-8100-5e8118f07a6d,57300.33,2025-05-13,childcare,138
313,1053,c9a8f52f-0b4f-4105-bcd7-7e64b64e302a,92667.52,2025-05-07,funeral,
314,1042,2f418013-700e-4656-bb5a-b2f881f6df68,41841.33,2025-04-24,food,
315,1062,94d6712d-8635-451e-b2f7-16baec2ef464,103256.79,2025-05-10,medical,137
316,1031,a51190d3-78b2-4dc9-9871-d9659549d19c,55368.04,2025-04-22,childcare,220
317,957,0f55da08-76f3-4064-ae94-c2aa25752a01,75362.02,2025-04-27,medical,213
318,1058,0a4dd91c-8215-49a0-94d8-ab8fced76429,46123.66,2025-05-02,food,235
319,920,091b93fd-1126-4c95-8c2d-afa004318173,63888.79,2025-04-22,medical,
320,1077,34391ba6-26c0-4e25-8989-7f8c823ae00b,90778.51,2025-04-29,medical,
321,1065,82f1c2cf-c88d-4d49-8734-d2533f87e943,112982.86,2025-04-20,medical,
322,1082,0b53c222-fffa-4ea8-a308-4e2bb1e54ed8,31138.93,2025-04-26,medical,
323,1007,1ec9246f-6179-4b80-bddf-e785d40e38bc,104269.94,2025-05-17,childcare,98
324,1059,1cf6affe-4635-42a5-8611-e4dc8cb37cce,84567.79,2025-04-29,medical,
325,912,52f641dd-b9eb-42b2-bc34-e5cbd8d4eef0,67755.55,2025-04-15,rent_arrears,
326,950,e3917fa4-f1e4-417e-b8c4-0527c47e3764,66340.4,2025-05-05,education,175
327,1015,6afd73da-9dbf-4e5c-8dbf-761aec8aeb7d,107434.41,2025-04-28,food,91
328,894,f27e772f-e556-4df7-9396-8dcb9dee887a,24786.82,2025-04-27,medical,
329,933,e1be0c43-8ebf-4cf5-bb57-90a8da446f91,82455.38,2025-04-15,education,
330,1016,32c94ce8-9503-4147-8c1b-0ffb4e1168d4,96188.66,2025-04-18,rent_arrears,
331,992,eacb760e-87da-40fa-9480-7b37d3a6d840,22043.09,2025-04-25,medical,
332,1001,2019142e-ae7a-4948-9aab-dc1d127cf154,59731.06,2025-04-11,utilities,70
333,976,3317eb13-b636-4c08-8110-a5880b79911c,29642.9,2025-04-24,childcare,
334,951,3baf5bcc-d45c-4441-ac2e-d07c5f453a26,40718.37,2025-04-21,medical,
335,1081,408a7e05-6513-4883-bc2a-f58362986719,45025.22,2025-05-15,food,
336,1013,514252ea-3c42-4f6f-be08-05592255a572,21326.97,2025-05-15,medical,137
337,924,99333cd6-52b9-4bbd-8c27-77aedb041945,81867.6,2025-05-02,food,
338,1040,5104ef24-916a-445b-9253-50d623bfeed5,37089.88,2025-05-13,rent_arrears,
339,889,26c7a631-84bf-4845-ac6d-d76aadc9d6ef,73619.61,2025-05-13,medical,
340,929,e390bded-9593-42b2-82a4-a60826383a28,65833.58,2025-04-29,food,
341,1045,a7c7adc1-7d9f-4d08-9d00-aecdf834f326,51370.31,2025-04-30,medical,
342,1014,0c0513cd-2c27-40cc-8ba8-b1d51af2c04f,41081.25,2025-05-10,education,64
343,982,7dcb2edf-25f5-482c-8636-f5d510a54f38,31991.43,2025-05-03,food,
344,956,c9fd6907-db4a-4fcd-8c96-d3688d3a62c1,56776.65,2025-05-06,medical,80
345,962,af32f11a-7142-4794-98a9-06a265b91a21,34277.42,2025-05-10,medical,104
346,915,5cd0d218-fcc5-4933-9a83-009cd86d28c8,63778.86,2025-05-03,childcare,90
347,893,8172b720-1591-47d4-9109-f6e111831766,24008.52,2025-04-30,food,
348,910,a4958992-bb5b-426a-8856-4431a5e4e133,52352.23,2025-04-30,food,
349,1025,ffe0c77a-df90-4331-8356-1c17b1c9d80f,36986.78,2025-04-29,medical,
350,1072,6950650f-f1d8-4075-b8b1-782456f17536,47767.18,2025-04-19,medical,90
351,1069,e06080d7-b3cd-4c1e-951a-665c3c36eb5b,66320.89,2025-04-25,food,
352,1024,d5dbffb2-d8b0-41fa-946b-daf226fa9ba8,67459.54,2025-04-19,food,
353,966,c378ef88-1567-420a-b65b-1c6d7c03b812,73452.74,2025-04-26,food,72
354,959,8a988c1b-963f-4d28-a7d1-e88377d34d9f,33445.05,2025-05-05,medical,202
355,1019,3360ad96-adc0-4a8f-b13b-f5a33b8158dc,70743.07,2025-05-03,rent_arrears,
356,1074,6567b939-1e71-48c1-8a0a-b02ad335a916,85885.25,2025-04-11,medical,
357,916,246e0ec5-5e86-40f1-a342-f830692840aa,49689.03,2025-04-30,funeral,180
358,913,3b5a5557-b781-40e1-b973-33e18df94f61,55890.93,2025-05-01,medical,178
359,905,04610fc8-6e3d-41b5-8a0c-52870092c245,35866.07,2025-05-08,food,
360,925,2280ea4e-7bb3-4c72-8d36-0e68a64142fa,53629.47,2025-04-24,education,
361,1004,7bc077ff-57a9-4778-b622-fe2c9dc43c13,26406.9,2025-04-27,utilities,
362,899,b486afa0-2ef2-49d9-baae-b20f921c848e,22980.09,2025-04-24,food,153
363,926,6910cf92-b70f-4592-b44f-c45a2653c2fb,54745.1,2025-04-29,funeral,223
364,991,6451fef1-2e5f-4cc6-8b27-93800b32ca1f,51228.51,2025-04-08,medical,
365,947,4974e505-3823-420a-b01e-7c789c94029b,72373.56,2025-05-01,other,126
366,1043,f30d0705-50c3-4e18-9a99-b21bb46e69cf,42594.72,2025-04-06,medical,171
367,902,41ed08e0-3e0e-47c1-8414-029d9878409c,3000,2025-04-13,food,199
368,960,d5130662-d1ee-43bf-b579-3dfc3477796b,2648.63,2025-04-20,rent_arrears,
369,1097,d7c54c17-617f-44c6-ab73-e7c6579a248d,150382.09,2025-05-29,food,
370,1244,0996e314-5542-4c30-8659-bc3b6060d969,81953.23,2025-06-03,food,
371,1107,ce37fb83-c535-4806-bc1f-dd05e39b5cef,124923.35,2025-06-05,medical,129
372,1098,9069dd4e-1f09-4965-80f7-218281aaf3ff,142397.32,2025-06-03,utilities,221
373,1178,b38c7815-18c9-4239-9f7b-f941d74b15d0,109845.13,2025-05-29,food,
374,1203,06098582-1700-47c8-a8a2-6bfe7d908136,165805.64,2025-05-08,childcare,
375,1126,5fadd8c4-0e5c-4a37-987c-e155b49b235c,71261.2,2025-05-22,medical,239
376,1166,622fff4e-2940-4bd6-bae5-a65cb8a2b823,153207.07,2025-06-01,education,121
377,1093,1263203f-3065-42ff-a6e6-209534619998,33602.95,2025-05-09,medical,133
378,1250,2facf34f-2c78-4612-9fd6-70f933629ebe,105142.68,2025-06-02,childcare,
379,1215,1d02e4ac-4efb-449f-b7a9-62473717b667,82362.02,2025-06-09,food,
380,1175,48af40f0-661e-4019-921d-c6b02a737c88,39478.21,2025-05-27,food,
381,1281,78aace27-292e-4402-b23a-1245c1b5d827,79856.44,2025-05-15,food,89
382,1169,8b6d3226-e83d-4c66-a25f-35986444f6e2,85652.23,2025-06-02,food,98
383,1144,b1fcec36-07c0-4550-8204-aefc6f11660b,104672.5,2025-05-22,childcare,173
384,1151,15d0d4e4-068c-4e66-88ab-45e4548f27f7,101880.13,2025-06-12,utilities,
385,1268,779e25a2-5dde-4ea2-a295-a469589ab7e3,73016.63,2025-06-05,childcare,
386,1154,73dfd816-1533-4fb2-b64b-2751e1e3fe5e,39690.65,2025-05-28,medical,
387,1207,f36eedf1-d7ec-4338-8790-73bb832ff4af,26117.68,2025-05-15,education,
388,1211,a14f72c5-e170-4939-b2a4-7de89e026926,28691.36,2025-05-28,medical,
389,1199,efc55fbe-acdf-448a-b9b8-a7d6b1440845,23326.11,2025-06-12,food,
390,1111,3eb80e3b-fe82-4f12-84a2-1109dd97e11a,46675.04,2025-06-07,food,
391,1258,3f143dc9-1305-4f15-9fe4-0b012f5277c3,71594.3,2025-06-05,food,62
392,1287,71ab46c5-225b-463c-b93e-d2660f39db43,74280.41,2025-05-22,education,
393,1114,0511bc2b-971a-4aed-aed1-b19573880c44,46394.11,2025-05-09,childcare,169
394,1152,d7a1a79e-e52c-4664-85a7-aa653b17f11b,80567.8,2025-05-28,utilities,
395,1248,5d94fba8-9e03-42f8-b26b-2a388e940408,64343.02,2025-05-20,rent_arrears,
396,1296,12a34cd2-873e-4e4f-a586-b5dadbfc823c,59943.15,2025-05-08,rent_arrears,
397,1277,0f2964fd-7066-4c0a-8def-33b3d977e9c1,36655.37,2025-05-18,other,
398,1205,2884d25b-2b7c-44d1-8e5b-49a1767c78b6,68982.81,2025-06-10,food,
399,1266,ced4cf7c-1722-478b-ad23-6c0c413b3131,38154.93,2025-06-06,funeral,
400,1208,5a0eaf79-5947-4ded-b5cc-feb49599eea1,18989.99,2025-05-21,medical,75
401,1249,22f86062-1051-4312-b55f-b4be9148af9b,51278.33,2025-06-12,education,
402,1234,0b9542a7-724b-41dd-86e4-654c80b2ba74,67306.11,2025-05-31,childcare,112
403,1196,d98ff0b3-35a9-4953-be2f-55424ef5756d,37648.48,2025-05-05,food,
404,1242,fdfff71a-7064-4b81-a4d7-f2a399025115,44513.96,2025-06-10,funeral,84
405,1231,17e9e111-b3be-4f63-bd46-efd080768337,29109.61,2025-05-26,education,
406,1095,89d216f9-d730-4760-b19a-c0f9230e6914,31333.94,2025-05-31,education,
407,1157,b71e588d-4ca8-46a5-b1cd-1329caced2d5,90575.0,2025-06-05,food,237
408,1235,2eecda9e-9e6b-4d9d-9706-d6d1cba0257f,14555.04,2025-06-13,food,162
409,1181,c573d2ca-b99e-4be7-981f-67013727c078,56484.6,2025-06-04,medical,
410,1092,2d6eba08-9257-4241-bcc0-c062293f6280,45378.79,2025-05-09,food,
411,1190,25626328-4140-43bc-9542-9eb333448aff,45223.9,2025-05-26,other,116
412,1089,97fc81ba-93fc-4922-8454-392d11fbc178,18182.87,2025-06-03,medical,
413,1131,b128aac8-53e7-4c3f-957d-d4476a5edaac,20072.66,2025-05-31,food,
414,1251,95a52056-31fd-409f-9899-49e30967652a,51299.05,2025-06-14,food,
415,1193,fad8c25a-af9a-4a79-b9e0-ff53984891ed,52274.93,2025-05-17,food,
416,1224,3b55ee84-06cc-420a-8173-82ef7b0f93a4,59953.06,2025-06-07,other,
417,1221,e201c436-4dbf-48a3-9f41-29740a40d9fb,21609.41,2025-06-06,food,
418,1109,ec956344-4d76-4431-9ed8-b129aa49792f,44617.64,2025-05-18,medical,119
419,1201,07bdd604-84bf-4f4c-8353-a5d5b2582a85,57593.16,2025-05-13,other,
420,1265,2e55a82c-6625-4a2c-b00b-d7059f75aa63,30312.36,2025-05-22,food,
421,1142,1a802d93-4cf8-48e3-adfb-937a06bcbc40,56807.37,2025-06-02,medical,218
422,1143,49fecd0e-5844-4038-9612-2f82fcc2e902,42377.64,2025-06-07,utilities,102
423,1255,0c31ea56-fffc-4413-8a4a-ae7e30beea1c,28573.37,2025-05-17,utilities,
424,1204,f55c4d38-6304-4594-a948-86c94aa2a7f9,35299.16,2025-06-03,medical,207
425,1170,0ad453b7-9e75-4ca6-82e2-0e597e67e2ca,44804.36,2025-05-27,childcare,230
426,1243,0f8dc21c-4ab2-46b2-a6e3-5a9644875379,30149.18,2025-05-15,childcare,
427,1269,b15faa92-d4db-4bb9-959a-4e7be8743031,49465.25,2025-05-24,childcare,
428,1120,10452bfa-3309-483b-aeda-0a1e6de5c714,80306.12,2025-05-26,rent_arrears,178
429,1180,c2420a34-3cf9-40e2-8b6d-45cd5d32ccb1,22799.83,2025-05-29,medical,
430,1113,1b6e772e-414f-4264-8bcb-a7a0ad96d7c3,24384.48,2025-05-24,utilities,150
431,1123,ea28fc93-4149-4b3f-a8df-ae67f036cb08,6662.56,2025-05-22,other,
432,1261,975f661c-6269-4066-88d7-81640da413ce,3000,2025-05-18,other,
433,1430,f6f83a08-1ff7-47ec-a8e5-24a95876ec01,300744.54,2025-06-20,childcare,
434,1440,3ac8739b-029f-4d39-9823-cb6eeca559d7,206358.98,2025-06-15,other,
435,1304,a260120b-9771-402a-9d58-b08c56fc940d,164913.27,2025-06-11,funeral,
436,1528,947e7c9c-977d-46f4-b78a-8f2406a25b7c,176650.6,2025-07-12,utilities,
437,1441,fdc6dc87-58c7-4abf-aa0b-114a447b416d,91543.48,2025-07-03,food,
438,1316,013822d1-4c8c-456b-8c47-f341801e2525,135423.06,2025-06-27,food,
439,1385,f5126571-95c3-4ebb-a703-28f65b9387cc,51142.41,2025-06-12,food,
440,1371,5e4251eb-b2f2-4184-b28d-bb9694a52d17,53269.6,2025-07-03,food,
441,1344,68940c01-9d85-4ad8-951d-e167e43773a3,100131.66,2025-06-25,childcare,
442,1530,9ff95657-f479-4d4f-aa93-038ff4bd18cb,86547.09,2025-06-18,medical,
443,1499,52526a47-6ad1-4f6d-88d0-4b4f6d6ce016,129789.91,2025-06-27,rent_arrears,
444,1427,ef723e3b-d352-4bfb-b6bd-e49ad887fd03,137892.19,2025-07-10,education,
445,1422,bf0528ef-0987-4baf-a174-c299509c5fd8,93325.67,2025-06-26,education,200
446,1424,0dc00888-4207-4034-ae3b-bb7ffe403249,101516.49,2025-06-26,food,
447,1339,fbce8d4c-02dd-4054-a7c8-d2825ebd52d8,135656.99,2025-06-28,childcare,97
448,1357,f629dbc7-d224-4182-bea8-941a75a3ced9,104089.86,2025-07-06,medical,71
449,1428,5ce2bfd4-45df-4814-9c0f-1a285bee56f9,36964.94,2025-06-27,food,
450,1326,d51db3e2-02ba-437b-9873-e6b9e1398f88,59549.15,2025-06-20,other,
451,1395,e4f8c1cb-7517-4390-b8fe-266d0a5187bd,61992.53,2025-07-13,medical,233
452,1340,d88fac22-c3a4-42eb-bd30-3481db3d0cc9,70674.5,2025-07-12,food,153
453,1463,899191d9-a615-4449-b56e-d1599ce2a5d0,71815.52,2025-07-14,food,
454,1524,0b53c222-fffa-4ea8-a308-4e2bb1e54ed8,59149.72,2025-07-06,education,
455,1495,01f1fab4-43c4-4e28-91f5-3e4e389e84e8,105139.19,2025-06-27,food,
456,1313,bee05f0d-ab5c-4bec-8775-b13a9d02bf67,112514.67,2025-06-12,education,
457,1491,6d8868e3-07f5-4c76-b069-e8122348bd81,36026.02,2025-06-15,medical,
458,1415,3c03b95d-2c3b-4d4b-9809-11fbfef61226,43222.39,2025-07-01,food,
459,1447,a8567456-3752-4260-b1ab-a4ef235e406e,66970.68,2025-06-21,medical,
460,1403,e526dd5a-fb91-4864-a3d7-da02b159b12b,118997.69,2025-07-02,rent_arrears,
461,1367,4f53a042-b110-4666-9acb-836d4a61ae1c,81697.44,2025-07-06,food,122
462,1352,b66893c7-82c8-48b3-aecf-b739e69e5bd2,32745.31,2025-06-12,utilities,
463,1322,3149d6a7-9ca9-40af-87c7-e6818d389e28,44687.83,2025-07-16,food,
464,1380,e9f4e551-42e0-45fc-ab3b-739775a19184,19288.82,2025-06-21,medical,
465,1516,0dc105f3-5f12-4cab-a0bf-d0b5f1afb684,22071.1,2025-06-22,education,
466,1306,a09145e1-7a17-4f39-983b-b31e8f04358a,22115.88,2025-07-04,childcare,
467,1471,b480bbf6-0662-43fd-991a-03d38210d43c,17169.42,2025-06-22,utilities,
468,1359,3c77a976-7322-4590-8cff-5a4f447320c6,4193.61,2025-07-01,food,
469,1615,18566c56-7866-4155-a2f6-501cf8d055c3,140167.44,2025-07-30,medical,
470,1741,a1738257-49e7-4d9d-8e69-b2173861c023,120527.62,2025-07-20,medical,
471,1655,731a659a-0496-4f7e-8b4a-be0cc00a954a,61530.62,2025-08-06,education,
472,1650,c4ea7bb0-a5df-4c36-9cbb-ea7b23af7479,62048.46,2025-07-14,other,189
473,1619,fde076ff-860c-4864-8193-71ed0af5aa50,111069.63,2025-07-25,education,
474,1625,9588b03a-e4b3-4277-84f9-e4857e9eef5c,59331.28,2025-08-02,funeral,
475,1695,8742f74a-5619-4365-af13-a60531c4daec,105629.85,2025-07-21,other,140
476,1576,fe46a439-d5f7-415e-bbcc-67108f92bd1c,115908.41,2025-07-29,childcare,
477,1621,8891bffe-594e-4cd7-9242-651740a8e987,84149.54,2025-07-24,medical,
478,1739,07e75ed2-8bf9-4f77-bdeb-3a8b042b9797,31238.94,2025-08-04,food,
479,1698,42393a04-f8e7-4532-88db-018b6cbf5814,87580.56,2025-08-05,childcare,
480,1755,842a1fd5-5d5a-4d24-9d39-e3e22836371a,59714.65,2025-07-23,education,119
481,1592,a029a3d3-16c8-4d4a-8154-e9f80477caa6,91062.86,2025-07-26,other,
482,1657,f75a68b1-3eb8-460c-af4d-7ecb0e32731d,94984.76,2025-08-12,medical,
483,1738,0f7133a8-98d5-4550-8535-d793d89beda6,38857.5,2025-08-02,medical,
484,1622,c19c9b3b-8938-4ffe-9ef8-00069dc3fc56,24922.94,2025-07-26,medical,208
485,1735,593d4040-e8da-4c9d-a7ea-1a2066c249db,79717.32,2025-07-14,medical,
486,1640,e9c9922b-d9df-4f3e-b8fb-6599a12d1560,87002.48,2025-08-08,childcare,
487,1677,48d5c551-1245-4c3c-80a8-48e501093f52,55692.7,2025-08-01,food,97
488,1682,50d9236f-f617-47ba-bd40-f5887ae25f6e,108807.4,2025-08-13,utilities,
489,1709,5a44a651-aab4-48e7-9423-2798a0818ced,76194.85,2025-08-11,other,
490,1595,e8aab704-dee4-454f-ad2f-f62ca449946a,23565.66,2025-08-05,food,65
491,1537,bbb9b059-1c84-4aba-bb0d-912660295181,77857.45,2025-07-19,food,
492,1608,6ffac2d3-99a3-451d-aba7-089a8f966132,31616.3,2025-07-22,rent_arrears,
493,1540,cbf0c165-704b-492f-9b4b-2a79e0463c0a,51821.0,2025-07-18,rent_arrears,
494,1647,661468f1-b156-4b61-8e97-9d4f94ce0c89,36434.04,2025-07-16,medical,
495,1546,2dbb513b-478a-4ef9-a4b2-0b8fa018c47a,68097.16,2025-07-18,childcare,
496,1683,9398d27a-b8d0-4505-b883-b09be32d574c,26931.06,2025-07-30,food,
497,1749,2ab0dd0b-7055-494d-be32-74026a90ec23,20445.39,2025-07-29,education,
498,1723,2000eef8-b33a-465c-8d95-8fadb795a565,57125.91,2025-08-03,rent_arrears,
499,1641,84944678-14b6-41be-9654-a073bb3b41d8,40176.61,2025-08-01,rent_arrears,
500,1614,c97ddde7-6a10-4b64-82d1-c76096c5319f,52191.76,2025-08-05,food,
501,1613,10f10e23-fe75-4df9-8b71-08516f20558c,51734.93,2025-07-31,education,
502,1601,9e0cd014-599b-4042-a356-4719983900cf,53794.59,2025-07-24,food,
503,1720,77113f73-eff5-4e9a-9b13-540e3fed8279,66445.67,2025-08-04,food,110
504,1684,6d896af2-ae1d-4651-a6c3-2be375d8cd1b,65491.44,2025-08-12,medical,
505,1597,9ef42c3b-7914-4731-933a-6cd44e45237b,59466.79,2025-07-31,food,
506,1763,f2716fa7-0b5e-46fe-93e5-ff0e82f6180b,42486.45,2025-08-02,education,
507,1627,ca24e25a-4bd0-43d4-80f4-d19b9a016d9c,58894.95,2025-08-01,food,194
508,1673,20dbf325-8985-4c1c-aa66-f3de7c7c0ccd,80517.14,2025-07-13,medical,154
509,1556,89eeb55f-9874-41bf-a57d-441cea6c31b4,55405.5,2025-08-12,rent_arrears,
510,1705,bf8b2572-a732-43c3-a5fd-d85947698094,68338.44,2025-07-30,medical,
511,1573,c2d972fd-c087-4f00-80ca-8b634ad731bb,71042.27,2025-08-07,food,
512,1654,c345b048-0d93-48d7-bc11-868d4a7c577c,83848.68,2025-07-21,education,
513,1611,de52e948-d9c5-4ec4-b056-8d633b24c3a2,71988.89,2025-07-25,childcare,
514,1551,02c3618a-3763-4cf9-b7dd-dd0150592a22,25862.98,2025-08-01,utilities,105
515,1719,1e206316-50ac-4fcb-be63-8b11bbb8129c,51360.33,2025-08-01,medical,
516,1607,0883df0c-e16f-4d70-a883-3f58f527a240,48406.69,2025-07-16,medical,
517,1633,29f0354c-5d52-4e0a-b9f8-94cbf1930160,78166.39,2025-07-13,funeral,
518,1569,cdb146cb-b751-4523-aae8-d3dacf99707d,34956.96,2025-07-29,medical,
519,1740,6055aa52-f1c9-49c1-bd5b-23c99c9f773b,33014.63,2025-08-04,food,
520,1666,4ed280eb-87ee-4d72-a6b1-a1ba314154f3,65023.07,2025-07-31,other,
521,1767,5ad2e329-dcd3-4db3-b4b5-4a0c418d2b70,33125.42,2025-07-19,education,
522,1542,f08cbbe6-003e-4cb8-8959-69633ef1d287,19727.24,2025-07-25,medical,78
523,1560,5ca80687-f025-4271-a591-e69ff401f4fb,23204.01,2025-07-21,food,
524,1553,ef4277d8-7f95-45cd-80fd-56cb3b18947f,35215.32,2025-07-12,food,
525,1733,aec45fc9-03a8-47d7-b8bc-1cad8227ad14,16895.85,2025-07-28,food,82
526,1549,903ae8b5-b4fc-4e15-b7e6-69dcabdf332e,20444.98,2025-08-03,other,
527,1714,07807ee6-3544-470a-a462-90f6e3ffa244,34227.39,2025-08-06,food,
528,1671,cdfadfb5-0748-40bd-8dbe-be7b0f2422bc,3000,2025-08-08,medical,215
529,1624,09f1b9b2-7b57-47e2-96ba-9485b7454cf7,9677.01,2025-07-07,utilities,185
530,1566,4a20589c-0e7e-4cc3-8b7a-b8e4a0e31490,4749.54,2025-07-23,childcare,149
531,1680,aa37d230-050d-4562-8298-c892e6bbc58d,10060.33,2025-07-29,rent_arrears,
532,1692,37a65109-322b-4d2c-a5e7-5d0547541fc8,2822.86,2025-07-19,medical,
533,1775,4cad851d-f2bb-4195-b686-9a973147137f,256564.08,2025-09-01,other,
534,1963,0996e314-5542-4c30-8659-bc3b6060d969,118386.56,2025-08-06,food,
535,1908,bcc87980-f137-4962-8912-ed2202a1ed0a,165928.13,2025-09-07,medical,
536,1802,6ad6e19e-d0b6-4281-b8cb-7a7721fd7010,95511.91,2025-08-17,utilities,
537,1836,8d82febf-ea05-47b8-95d2-38d0efa9b167,53411.33,2025-09-11,other,
538,1942,c2d864d5-dcbe-4dc6-a730-2aa64ebba364,68306.14,2025-09-03,medical,157
539,1881,e75a809f-55bf-4bcf-8052-92654aac3fdb,48505.33,2025-08-18,food,
540,1867,622fff4e-2940-4bd6-bae5-a65cb8a2b823,95408.57,2025-08-31,childcare,139
541,1854,f629dbc7-d224-4182-bea8-941a75a3ced9,62956.45,2025-08-11,medical,
542,1772,f515c4b8-c830-42b5-8d8b-51d8d2cd3afe,42446.51,2025-09-06,medical,114
543,1872,c56962b3-89f8-484c-8b01-2d1fdbf78374,43170.21,2025-08-20,medical,122
544,1917,d033d8d4-bce4-4c03-bf0f-7f1caff1d964,79325.25,2025-09-08,food,
545,1925,c95c44e7-cdf1-4882-b2f6-91f448802970,53015.12,2025-09-16,utilities,145
546,1794,52f641dd-b9eb-42b2-bc34-e5cbd8d4eef0,37955.32,2025-09-06,medical,
547,1957,65c4234d-0b91-4ff3-8222-dae34f8c6e06,44277.4,2025-09-02,medical,83
548,2000,0684da5f-a37b-4e65-bd77-5740d61db134,59687.95,2025-09-14,medical,185
549,1799,25892a3a-2dee-478a-9062-c6f1077d4a4c,113998.3,2025-08-19,funeral,
550,2012,7bda6329-8947-41e1-bd67-c0cc53bb193a,35482.06,2025-08-23,medical,84
551,1897,b117b5c8-495c-4516-86a8-a123d4acbe4d,76059.86,2025-08-20,food,83
552,1849,7d0db770-0163-4f57-b5a1-40d43ecd7b12,34599.7,2025-08-26,funeral,131
553,1933,81a7ab6d-88da-4c0a-8d70-b3b888306075,70450.18,2025-08-29,food,131
554,1804,f68e1243-ea53-4e6c-8222-ed0e1b6c5a9e,88728.23,2025-08-25,rent_arrears,
555,2002,0b5c80e0-04b5-46a3-970d-c39fd070aeb1,76480.01,2025-09-01,childcare,
556,1874,08a7d0f4-5309-4bac-92c3-225e16803594,54508.05,2025-08-23,medical,
557,1830,bae40adb-70ea-40b6-8a9f-92019e4f23e5,34037.55,2025-09-02,food,102
558,1815,9c983eb9-1265-4228-ad21-1cc10fd805fa,51276.19,2025-08-10,food,
559,1974,b50b0832-a3b5-4047-afcf-d30f71597bbb,60003.52,2025-08-27,food,
560,1941,0d92dcfb-e1bb-41e5-9b28-4b0d3f2f5dd6,70372.57,2025-08-15,food,
561,1813,f3497b2e-650e-4113-8538-d1683c78914e,75177.95,2025-08-17,rent_arrears,138
562,1918,5804d2a4-d21d-4470-b62a-9877cdc22c6c,32183.0,2025-09-03,utilities,
563,1961,0f8dc21c-4ab2-46b2-a6e3-5a9644875379,37810.58,2025-09-07,other,105
564,1904,0a3a75d1-5c36-4153-bfcb-a1a111da4be4,72635.46,2025-09-04,medical,
565,1805,6bd2161e-73ae-492f-843a-57c3723141b0,50882.86,2025-09-01,food,
566,1990,6cf76777-4d95-4c1b-b278-c0f9d4aa787c,33051.91,2025-09-14,food,237
567,1983,35741bff-82a4-4934-b1f3-ef1ff69056b9,59661.21,2025-09-11,education,
568,1889,bd42b80d-0b2c-4b38-b4b7-bf728b4f227e,40678.98,2025-08-13,medical,
569,1786,f616216d-4754-40ba-8941-ded4a1a73460,56780.06,2025-09-10,utilities,
570,1931,a9feecf7-6231-42d0-914a-41af8a475d75,83939.56,2025-09-02,utilities,
571,2016,85d90869-b2ac-46d6-852d-00df39c39892,43251.47,2025-09-01,childcare,
572,1993,1cf6affe-4635-42a5-8611-e4dc8cb37cce,68420.5,2025-08-14,childcare,
573,1938,8316ce7a-ffbf-4e15-80b0-38c9c9823b37,26588.69,2025-08-15,education,133
574,1819,750ee684-078d-42ea-be24-d5229ee0f225,44082.95,2025-08-27,other,
575,1935,514252ea-3c42-4f6f-be08-05592255a572,34089.29,2025-08-19,utilities,
576,1785,22a2eede-b8fa-41ac-b276-55b4fc9e44db,53043.19,2025-09-02,food,195
577,1776,9c71fc32-adff-4f81-acd9-1cf5ae465a36,28092.53,2025-08-28,food,
578,1899,c573d2ca-b99e-4be7-981f-67013727c078,64735.89,2025-09-11,medical,145
579,1880,c3931116-b6dc-47d9-966e-3ad9dd1d32dd,59970.34,2025-08-14,other,78
580,1856,072d05a7-d2af-42f7-8254-8a7eda9ecb44,45546.98,2025-08-12,education,
581,1828,da8d16c7-b2ca-4e7e-969f-3994a0b4be53,12366.92,2025-08-24,rent_arrears,233
582,1832,a00e62e2-22dc-435f-9bc3-02a974f3da9b,3000,2025-09-08,food,
583,2013,d73aeec1-bcd1-471c-abee-612a56fece27,15798.81,2025-09-08,education,196
584,1885,48915ece-ac2e-446f-8cd2-1794df305f19,2361.19,2025-08-26,childcare,
585,1913,338e48d1-fbd9-40cd-8c5b-89eb7f78b441,3000,2025-09-04,other,126
586,1940,089b5956-2442-4b49-ad0b-519af7ac6a76,2841.67,2025-08-27,childcare,
587,2027,a260120b-9771-402a-9d58-b08c56fc940d,147543.35,2025-10-01,childcare,
588,2109,ae4f8887-c7df-441d-9fa5-a3e3c6ace9ea,164675.49,2025-09-15,funeral,
589,2028,9f49d62e-28ea-46ee-9d75-5c1446d87e31,150543.07,2025-09-15,other,
590,2230,afd5db49-e537-4c8f-b81c-f706c2e3141d,79820.16,2025-09-23,medical,
591,2215,380834c9-d99f-4043-ab9e-d1151e74381b,104314.03,2025-09-27,medical,
592,2246,305d7c81-609b-4ae2-9127-c6375abfcf3d,138273.52,2025-09-16,funeral,
593,2213,b9a79f18-630b-4f39-98af-86d9d4199e1b,88255.45,2025-09-30,medical,201
594,2032,93b1e740-ef8b-4114-ad1d-38ea113b5719,104126.69,2025-09-30,medical,
595,2231,806c9566-4a71-466e-a83e-15151b427a96,133689.44,2025-10-09,rent_arrears,
596,2240,2facf34f-2c78-4612-9fd6-70f933629ebe,112207.83,2025-09-20,other,105
597,2052,a7eda420-6d89-45ae-ae69-479db6341a2f,66920.56,2025-10-09,food,
598,2162,328802d3-4be3-4323-9fba-d2b1beaea32c,102695.19,2025-09-17,childcare,
599,2279,bdabfa68-3c6a-4581-94d4-36c060c34710,99338.14,2025-10-08,utilities,
600,2074,bb4f0605-ec5d-4d57-ac9e-29a4bbd83f65,55797.13,2025-10-01,utilities,75
601,2200,0051170b-15bc-4190-8b67-996dc2b66723,101641.47,2025-10-15,other,
602,2140,0caae938-25d9-44a2-a86a-edd2dd4a58d7,66217.22,2025-09-26,childcare,
603,2225,ad188785-53ce-4c8f-a233-9cebca737386,56184.59,2025-09-27,medical,
604,2180,a13113d8-1ef1-4480-8139-f1c54daeb403,126722.65,2025-09-10,medical,
605,2264,ffcf3036-f081-4d07-8344-8e9d0ff7fdba,97010.78,2025-10-08,medical,211
606,2065,d0fd5310-d421-4d97-85d8-762e4a93c79d,67916.98,2025-09-14,education,
607,2145,2a5124ce-3a9f-49fd-9a43-c1db7fb476f6,77267.55,2025-09-05,utilities,
608,2108,8891bffe-594e-4cd7-9242-651740a8e987,61142.43,2025-09-17,medical,125
609,2105,a7fa9c2d-eb9b-4a45-b3e8-87b4341945b1,61607.28,2025-10-12,medical,188
610,2025,6922a7a3-5b38-409d-b1ad-0b11d4559062,68287.09,2025-09-13,medical,
611,2193,32c94ce8-9503-4147-8c1b-0ffb4e1168d4,112881.1,2025-09-27,rent_arrears,85
612,2189,d97345d3-4769-4c71-ab88-aeca02c20071,97562.29,2025-09-24,childcare,
613,2196,15e6df87-cc27-44c8-9d46-192f33ffe088,126759.93,2025-09-21,rent_arrears,187
614,2208,72adb5b8-c41c-4c88-ad57-9a26b525f341,76371.44,2025-09-20,medical,126
615,2091,18049b4f-150d-43f8-bd43-5b81ea1b608d,20327.08,2025-09-21,education,179
616,2201,7e8e095e-095f-492b-b51a-865030fd54a3,21713.3,2025-10-12,medical,
617,2126,e348e289-9361-4497-af57-404e12fed703,35624.1,2025-10-04,education,
618,2152,784872dc-d16e-4085-9b74-6326adac8023,7210.6,2025-09-11,food,231
619,2061,1659f1b6-831f-4cc1-8465-add0580c7570,2921.35,2025-10-03,food,
620,2306,c3c464e7-7fe1-483c-aea4-6cc9d5c25f64,2755.29,2025-10-03,medical,
621,2121,170e6353-d2ed-40f4-93c4-65f855c0decb,3000,2025-09-28,education,
622,2022,186907b6-3a61-456c-8bac-2a720b63e680,7255.71,2025-09-16,funeral,
623,2085,41cadde5-0d9d-43ad-8a8c-2a99769829d5,8317.01,2025-09-30,childcare,
624,2360,bd9f0e41-dd36-4323-8b4f-f0d8dd8f33c5,122579.18,2025-10-26,funeral,223
625,2316,c01fec30-ca2e-49cd-a300-4b292c8850d7,145761.86,2025-10-26,rent_arrears,
626,2474,06098582-1700-47c8-a8a2-6bfe7d908136,136076.44,2025-10-31,food,
627,2528,de66ec89-df6a-4516-84ee-e94b00498722,120140.36,2025-10-17,childcare,176
628,2477,262d3ca0-4fc9-4fc8-be3c-a1eec93f3cc1,64672.16,2025-11-04,childcare,219
629,2420,9588b03a-e4b3-4277-84f9-e4857e9eef5c,137825.14,2025-10-23,food,
630,2500,ddf5d5e4-7ca6-42b8-a72a-5eaaa8746ce9,142415.96,2025-10-27,medical,149
631,2462,2bd38079-377d-4170-af00-29421486965f,160175.96,2025-10-31,rent_arrears,
632,2332,ce37fb83-c535-4806-bc1f-dd05e39b5cef,100287.85,2025-11-03,medical,
633,2508,3365f477-0dc6-4624-92fd-c5706d316d0a,84721.78,2025-10-21,utilities,
634,2431,a9d58bf7-3c8c-4191-9472-96343bf8d489,46782.73,2025-10-17,food,
635,2369,495d4d1e-de0f-4025-ba92-38713d8d5325,48726.03,2025-10-23,funeral,
636,2505,0051170b-15bc-4190-8b67-996dc2b66723,129481.52,2025-10-29,utilities,
637,2506,16576daa-ef81-4c07-80b8-45137bab533c,127354.24,2025-10-19,food,217
638,2379,28650f6c-e032-4aa1-a306-f99f940f9a0c,104968.63,2025-10-27,funeral,
639,2584,f687880d-4cff-4e3f-b1ae-e7bdd3fe539f,52730.12,2025-11-05,food,212
640,2489,8941909a-e044-4fd7-b235-a25d8f054c62,44230.67,2025-10-12,medical,
641,2464,3c03b95d-2c3b-4d4b-9809-11fbfef61226,33639.55,2025-10-30,medical,223
642,2490,cf392770-8e13-418c-b2f3-9bc2341534e8,64668.53,2025-10-22,food,
643,2321,1f7cf221-1662-459b-9638-e3983e60ef1f,78322.85,2025-10-19,medical,137
644,2397,6e4253f2-564b-410a-ad50-44d502f369a6,106460.85,2025-10-12,education,151
645,2536,43f21e9b-2c93-4ad0-821a-ea9414f1f3c5,66227.9,2025-11-08,other,
646,2339,51a5c3f3-3f4c-46c0-9c95-4a60fc2d913c,85702.97,2025-10-11,food,126
647,2446,3317eb13-b636-4c08-8110-a5880b79911c,51237.72,2025-11-18,food,
648,2412,0c9de00c-b1cf-4da2-9c71-9f6edb2d2e59,104349.41,2025-11-01,rent_arrears,
649,2352,3efc9c11-3a05-4fee-ac9b-5a1365eebdbd,78270.5,2025-10-27,medical,154
650,2569,0ccc2362-3a34-432d-99f5-930af53e7f2b,85494.24,2025-11-08,food,80
651,2335,33ada3af-8bfd-46c8-82a8-b4e36ef56c4f,76114.79,2025-10-18,food,
652,2495,ad1baf40-405f-4121-be91-ac01e5835e04,76204.95,2025-11-09,education,69
653,2365,f028d01f-c105-40b2-b665-d97d9f5773ab,41613.72,2025-11-04,medical,
654,2396,da5f0d65-2583-4b2e-9765-a91b316c80e3,36457.75,2025-10-17,medical,214
655,2491,5a0eaf79-5947-4ded-b5cc-feb49599eea1,44353.78,2025-11-08,food,
656,2567,8349f56c-e71d-44f0-87fe-40de22e6778b,47924.42,2025-10-10,food,206
657,2358,dca62213-f769-4d97-b4ef-56b058ff1a99,84993.37,2025-11-03,utilities,
658,2383,3628e70a-db80-4a54-a1a2-b567af4d9433,81482.77,2025-10-25,food,
659,2475,a357bd9b-8363-4691-a675-194e152e7abc,81879.41,2025-11-07,medical,
660,2414,ecfb14ef-133e-4c25-b3c4-85087d1842e1,57304.32,2025-10-30,medical,
661,2510,23869191-a0e2-4ace-b1d3-646e5e87224e,98455.71,2025-11-14,food,
662,2388,376c6437-bd5f-4c9b-acee-3bd017e1f13b,124882.25,2025-10-22,rent_arrears,
663,2518,668e14bc-e14d-4585-89b6-5e3da438252a,98598.51,2025-10-27,other,
664,2575,1827453c-9680-4cdb-9e47-c32319f5e31d,32369.27,2025-10-16,other,
665,2375,395f7447-b3e7-48b6-806a-1ba28420cc8f,48902.04,2025-10-26,food,172
666,2439,ffe54bf6-f037-4a55-a20d-722fac78e217,36122.55,2025-10-12,rent_arrears,
667,2320,216190de-0cb1-4950-a508-cb0d2385470b,32715.96,2025-11-05,food,128
668,2336,46ef5511-fcac-4ec3-a19b-09809afd4fdc,48542.71,2025-10-21,education,
669,2444,ba8b8764-1309-4c44-96ed-69d1ecabbbc8,66704.24,2025-10-25,other,
670,2535,0ba82596-a390-47c9-83f7-de5ad724a2b6,39569.97,2025-11-10,other,
671,2376,46124520-8810-4dd3-9f82-3766b0b4cb27,12107.89,2025-10-19,childcare,
672,2452,41dc4b98-a6e7-4a4f-bd1b-e75a3897db33,8867.39,2025-10-29,medical,
673,2478,8cf31a1f-180c-478e-857a-848a94de4e0e,18048.79,2025-11-01,other,
674,2473,926d6071-3c29-4968-a9e0-26b8d6cea4a6,16190.15,2025-10-16,rent_arrears,
675,2552,e48dc0cb-2cc8-4b6a-8e8d-fa6cff3b33a8,11707.75,2025-11-02,childcare,98
676,2426,fe4b9209-dc90-4087-a0ce-a9da6511d42c,2773.58,2025-11-05,medical,
677,2568,ad8651c2-14c4-4452-939f-0ab7b4b3e4f0,3000,2025-11-03,other,
678,2652,a92af4b1-7fbb-4d6b-860d-4bc7ed55d86f,123852.44,2025-12-15,food,
679,2678,6178c8fd-7785-459c-856d-2ba265253f98,183512.02,2025-11-24,funeral,
680,2857,df3e8918-2c12-4412-a5f3-916a4fdfef72,65058.31,2025-11-23,medical,
681,2834,2facf34f-2c78-4612-9fd6-70f933629ebe,141189.38,2025-12-04,other,
682,2735,6877e43b-c57f-40b6-ad95-5c3b72decf0f,56001.38,2025-11-15,childcare,144
683,2836,76251825-ef01-4550-ac7f-18c0d97f5b8a,150054.42,2025-11-06,food,
684,2798,f1c794ab-975f-49fa-aaa5-267711817af8,130779.91,2025-11-21,medical,
685,2694,8b6d3226-e83d-4c66-a25f-35986444f6e2,45427.13,2025-11-20,food,
686,2780,50d9236f-f617-47ba-bd40-f5887ae25f6e,78394.48,2025-11-18,food,
687,2754,6f0930cd-6549-4571-93cc-274bfeb695ba,85413.9,2025-11-18,food,
688,2624,89eeb55f-9874-41bf-a57d-441cea6c31b4,31045.62,2025-11-22,food,
689,2756,481e53c8-9605-4153-9c88-ae6fb2f79d8d,105982.01,2025-11-14,childcare,169
690,2856,538970b1-c02d-4c56-a70b-0a05268e929a,125576.89,2025-12-04,food,169
691,2753,3fb16853-4824-43a0-ab56-0cf865b4cf30,102519.95,2025-12-08,funeral,
692,2611,fb4c5c08-6ca2-4c15-8a1e-49b686fe791d,74591.95,2025-12-03,medical,85
693,2825,16126bcd-1e87-4ebe-8f9c-763910f03fa1,130477.4,2025-11-11,utilities,
694,2855,0a4dd91c-8215-49a0-94d8-ab8fced76429,38684.11,2025-12-15,food,
695,2783,81a7ab6d-88da-4c0a-8d70-b3b888306075,48490.69,2025-11-27,medical,
696,2623,6607aed6-a506-49ce-a36e-3026eb183d78,56273.79,2025-11-12,utilities,160
697,2618,8ccd2698-730f-4cc1-9458-ca00f9d9e447,102662.04,2025-11-14,rent_arrears,
698,2661,339316fd-e793-4859-b7b7-fb96739233aa,121844.35,2025-12-07,childcare,
699,2759,d1c09cef-835f-4d16-a825-fb7677baf6c6,100463.74,2025-11-23,other,
700,2838,5795bbbb-8757-454b-b280-51e8f6d954b5,45521.67,2025-11-28,other,
701,2817,5f5ea385-791c-42f9-ae50-d3af03ed93e4,42515.15,2025-11-29,medical,
702,2669,99333cd6-52b9-4bbd-8c27-77aedb041945,71201.32,2025-11-15,medical,
703,2828,1e206316-50ac-4fcb-be63-8b11bbb8129c,48286.42,2025-11-13,medical,
704,2851,2793a7e5-b1be-4ccb-86e3-e1bb908f2a10,73164.1,2025-11-18,utilities,
705,2811,7dd035b9-20e6-45bd-b33c-ea6af41a1a90,62643.71,2025-11-24,childcare,212
706,2801,ffe0c77a-df90-4331-8356-1c17b1c9d80f,31597.5,2025-11-13,medical,
707,2807,142fe8f1-1205-420f-8ef0-ee52db3945da,52915.45,2025-11-19,medical,146
708,2719,6968edbc-2773-430d-a3cd-28d24d9e1ee3,53835.87,2025-11-20,childcare,133
709,2682,fcbc4a8c-9426-41f3-98f5-331793cf2d18,32585.99,2025-11-10,other,130
710,2591,f450c18f-ecb5-4298-a38d-054b783eb6c1,42540.89,2025-11-27,education,
711,2810,dcc2691e-6429-4a5d-bceb-15ed0fb1683a,38096.27,2025-12-01,medical,
712,2763,5804d2a4-d21d-4470-b62a-9877cdc22c6c,97340.21,2025-12-06,education,214
713,2666,bc1889ef-491e-4365-9272-9df736736b67,41032.08,2025-12-09,food,
714,2670,dc060371-055b-4437-a7f8-0097be021121,94534.32,2025-12-08,education,
715,2738,c345b048-0d93-48d7-bc11-868d4a7c577c,51509.67,2025-11-21,education,
716,2784,27769949-a5dc-4f6b-9755-c897563086cc,60932.05,2025-12-04,other,70
717,2701,ed6f13cf-a3b5-4bac-8519-27303d851e38,80054.62,2025-12-05,utilities,
718,2877,ee339d7d-f0fb-437d-afbd-db990e08fc41,45815.76,2025-11-18,medical,
719,2662,39e70c45-ef83-44ec-b56c-4f224b7192e2,89467.81,2025-12-02,funeral,150
720,2863,b4cc72f9-e85e-491c-b96e-fbfedbef0c85,42044.05,2025-12-10,medical,
721,2764,93b2f1c9-520f-4e04-aadf-eeceab5fee22,12387.15,2025-11-29,other,
722,2687,9585cada-44fa-451e-a0f2-a760c9d43281,2588.48,2025-11-27,rent_arrears,190
723,2829,58b11084-fc6e-4ca5-8d59-b334957a9b53,20181.57,2025-12-06,food,
724,2616,f192eeda-fdf5-4745-85e9-934e7c59ea3f,5152.2,2025-11-22,medical,166
725,2865,6da4b610-3ee0-4a46-a21f-c6c1259ccafe,3000,2025-11-18,funeral,
726,2654,cc11589f-d757-40a2-b8e5-178fc8d71a0e,2979.14,2025-12-04,medical,199
727,2873,85eeaec7-4d8e-402a-97b2-5c150cebb3f3,4657.69,2025-11-26,education,100
728,2790,9da74b53-4d8f-442f-91e7-7215c94effe6,9558.32,2025-12-18,other,158
729,2896,4cad851d-f2bb-4195-b686-9a973147137f,297389.45,2025-12-30,medical,
730,3055,b2324a61-615c-4116-8368-7fd8d3ca6b9a,146657.99,2025-12-04,medical,
731,3156,3eb280f7-24e9-477d-85a3-9d8b0a3a8fc0,57510.24,2026-01-08,food,
732,3031,e7aca123-ed30-4cde-be16-11297c262921,185821.05,2026-01-03,childcare,127
733,3003,18566c56-7866-4155-a2f6-501cf8d055c3,73484.04,2025-12-24,rent_arrears,
734,2954,efc79b3b-14c7-45f2-882d-a5e9d7f8b7b8,177276.73,2026-01-09,rent_arrears,
735,3158,305d7c81-609b-4ae2-9127-c6375abfcf3d,80997.42,2025-12-11,funeral,
736,2942,bd9f0e41-dd36-4323-8b4f-f0d8dd8f33c5,124251.41,2026-01-14,other,181
737,3102,5dd00552-d31f-4f95-a528-3097805c9bec,158662.88,2025-12-09,education,
738,3052,f3238569-1367-4ab5-85de-8f592c4a77d8,103583.02,2025-12-23,food,
739,2975,e1be0c43-8ebf-4cf5-bb57-90a8da446f91,77057.2,2025-12-31,food,
740,3169,8c7b9eea-f625-4e29-826c-7150b0b4b0bd,46659.23,2025-12-25,medical,
741,3108,fdc6dc87-58c7-4abf-aa0b-114a447b416d,37720.06,2025-12-23,food,
742,3168,d32feeb8-41e3-4042-b9bf-adaf4b4e2120,68739.69,2025-12-26,food,233
743,3161,2f418013-700e-4656-bb5a-b2f881f6df68,60088.51,2025-12-25,medical,
744,3028,d5be96a9-95f7-4d05-9ea9-cd42338aa480,149088.99,2025-12-14,food,127
745,2974,e50a841c-004c-4cae-826f-44e1f7175013,51884.6,2025-12-22,education,
746,3029,0d8adf71-03f0-445c-b515-0f7bd86ce2ec,63010.93,2025-12-26,other,193
747,3155,f4d076bb-9334-498b-91ff-a2f0d24888c5,105468.01,2026-01-08,education,
748,2969,2facd465-3107-4546-bc22-0b1f810f9a77,85579.42,2025-12-09,funeral,
749,3208,f2716fa7-0b5e-46fe-93e5-ff0e82f6180b,64304.16,2026-01-06,medical,
750,3175,f90b2938-3668-4689-9cfc-a60fd0cdbd5e,125070.62,2025-12-13,medical,
751,2898,8172b720-1591-47d4-9109-f6e111831766,49771.93,2025-12-22,food,
752,3018,ecb5ad2c-3224-4414-ac06-27cb69c55bf2,82958.47,2025-12-18,medical,
753,3047,0d308233-a575-45a8-b918-befee503d469,68914.35,2025-12-26,food,77
754,2970,ea98054e-502a-49ac-8b03-fd39016efdc0,59002.9,2025-12-27,food,
755,2959,b4b80688-d9a2-44ff-89bc-0ade2dfefac9,93839.31,2025-12-29,medical,
756,3152,0b0bad81-60f8-4bdf-abcf-bd3b2aa0d8a3,54988.49,2025-12-10,medical,
757,3151,595185ce-97cb-4ccf-b1e9-aa1b86e4982f,66382.75,2025-12-30,medical,
758,2939,5876ab28-0828-4358-a175-d8d436ae970a,52882.77,2025-12-15,rent_arrears,
759,3097,e9b39e91-97dd-4531-806c-086ed5440ebb,63860.25,2025-12-27,education,
760,2893,3128eaf0-3d03-4de7-9555-62e7dc75ea9f,100180.42,2026-01-04,education,
761,3075,c138e7c6-ee89-4389-ae3a-d9fd6169384c,60986.48,2025-12-18,food,
762,3058,f3c07381-2cd4-4a41-9ff9-642a9c1e07ff,30667.96,2025-12-18,food,113
763,3166,7f134bdc-b4d8-4b46-a720-c29b3b373d23,41199.27,2025-12-21,food,
764,3007,5702812f-709b-4049-8bd5-68cd206fe49b,42809.81,2026-01-04,food,126
765,3135,97c64d8e-e5d6-4917-9c7b-34d48a195b6e,27909.29,2026-01-12,rent_arrears,
766,2985,b08c1c56-5d39-4926-a434-4dadb98482c6,73583.32,2025-12-22,other,
767,3008,17bb4fbd-ff4e-49e5-bba4-05d3edc68a47,59725.91,2025-12-29,food,
768,2912,fb4c5c08-6ca2-4c15-8a1e-49b686fe791d,96123.34,2025-12-18,childcare,185
769,3221,05fb9ebf-5ff7-49a9-95cc-2d2400d289cb,74726.22,2026-01-14,food,61
770,2968,8f8f7efc-655e-430d-9513-b782a28492a1,28357.0,2025-12-14,rent_arrears,
771,3076,6b065065-afa6-4819-8bf0-1996ca449ff5,47349.24,2026-01-04,childcare,
772,2926,72646eb8-0e26-4ec9-93e7-202de8636d5d,50208.08,2025-12-23,other,
773,3144,9ee44d21-07ad-48f5-b68c-6c3e49b0cd00,40930.37,2026-01-17,rent_arrears,
774,3204,088a2478-261c-4652-8259-36975aa15170,43362.09,2025-12-16,funeral,
775,2980,ffe89811-91e1-48ec-b0e1-b411bd8f5ddb,47312.06,2025-12-17,rent_arrears,102
776,2929,3b5a5557-b781-40e1-b973-33e18df94f61,11754.69,2025-12-26,childcare,
777,2938,6f3b37bc-254c-4f57-ae33-be8e1cd7384d,2816.7,2025-12-27,food,226
778,3109,8264f694-fa9f-455e-a11e-7c58d8db5992,17526.83,2026-01-10,other,
779,3202,6757ea85-31fb-43e8-9ee5-3b7bbb1a11b7,15311.37,2025-12-25,food,229
780,2995,c47934d7-de6a-4f7d-982e-8caf81a5548d,12043.49,2025-12-11,food,
781,3056,b197d4a7-3f6d-4352-ba6a-f3a9667bba4f,30137.74,2025-12-25,medical,145
782,3145,ec90c3e6-8ed2-42d9-b68c-3e0a13a7472e,7329.14,2025-12-19,education,
783,2987,ed14d486-023f-4100-a4a9-8df9166e000b,2682.53,2025-12-23,childcare,73
784,3279,656ee90d-2cae-4a24-b851-acd5388eab12,113953.89,2026-02-12,medical,
785,3567,92e78b8d-2ef1-464f-b478-91e1a0ae8e13,165902.94,2026-01-13,utilities,
786,3521,ba0dae2e-6526-470c-adab-5badb04d8a44,70383.66,2026-01-25,funeral,214
787,3229,72d9ca14-f788-429f-a7df-87a555933ac0,65713.15,2026-01-21,childcare,
788,3385,0f6b29ed-7a36-47b5-838a-1d0cc8355d76,111229.4,2026-01-18,food,190
789,3531,d2791d4d-b97f-43a5-894f-e16554d65dad,150614.49,2026-01-21,childcare,96
790,3557,584c3107-ec26-4484-847b-249bf0f85066,52063.18,2026-02-11,education,
791,3433,753ef1d9-6f7b-4f02-8b03-5498e661d63e,164796.75,2026-01-22,medical,
792,3525,6cc5c19b-f23e-45f3-ad1c-17b06f45073a,118196.64,2026-01-28,utilities,
793,3436,ef723e3b-d352-4bfb-b6bd-e49ad887fd03,56036.91,2026-02-03,utilities,93
794,3231,53391980-403b-422b-a9c9-53c47cf74594,134026.49,2026-02-10,funeral,
795,3440,8d664945-6d6b-4e51-bd70-b446a7686212,144300.35,2026-01-09,utilities,105
796,3272,0511bc2b-971a-4aed-aed1-b19573880c44,58791.34,2026-02-02,food,
797,3340,6e4253f2-564b-410a-ad50-44d502f369a6,57312.76,2026-02-13,medical,
798,3375,f6438c0f-d966-4518-a210-c187bf442e27,99422.0,2026-02-13,childcare,
799,3402,c4ea7bb0-a5df-4c36-9cbb-ea7b23af7479,65904.39,2026-01-24,medical,114
800,3277,6086e135-a86c-48ac-9ed8-dc20365a7fb3,39875.25,2026-01-21,food,
801,3341,eb059e8b-e11f-4f49-9a7c-e40ec367e0df,124969.33,2026-01-06,childcare,73
802,3459,8bd95aad-579c-461c-8657-9d8130481a57,38360.77,2026-02-05,food,
803,3515,0f712b8a-88b5-483b-b704-2a76cc7a5c48,57686.53,2026-02-05,food,
804,3304,bb4f0605-ec5d-4d57-ac9e-29a4bbd83f65,121828.26,2026-01-10,medical,
805,3466,d97345d3-4769-4c71-ab88-aeca02c20071,59012.36,2026-02-08,medical,
806,3355,c56962b3-89f8-484c-8b01-2d1fdbf78374,84517.26,2026-01-17,medical,
807,3250,8ccd2698-730f-4cc1-9458-ca00f9d9e447,81087.82,2026-01-06,medical,102
808,3312,caac8245-5110-450e-9610-eea155b1d14f,62486.8,2026-02-02,food,87
809,3363,ed6f13cf-a3b5-4bac-8519-27303d851e38,98504.59,2026-01-30,other,206
810,3256,544ed7e8-e153-4bd8-9c90-dba99b6b5338,103657.35,2026-01-27,medical,
811,3326,b66893c7-82c8-48b3-aecf-b739e69e5bd2,83721.84,2026-02-07,other,
812,3420,4e7a5382-4418-419d-b463-b57b7b494692,36441.09,2026-01-17,childcare,192
813,3225,f515c4b8-c830-42b5-8d8b-51d8d2cd3afe,88164.52,2026-02-04,medical,209
814,3410,da1a9b3b-4429-46ba-8258-0ad3c2f54bc2,71902.07,2026-02-05,food,
815,3394,51935ffa-aab6-4698-b47f-a577a5f81691,88623.65,2026-01-21,food,
816,3489,380834c9-d99f-4043-ab9e-d1151e74381b,95893.25,2026-01-07,education,
817,3392,49e607b6-2ba2-41bd-bfa5-f186e9628f42,55527.41,2026-01-19,medical,
818,3443,f2b27a08-a1c3-48f3-9854-e42d32a47a09,30733.52,2026-01-30,rent_arrears,
819,3300,89ec4dcb-be56-4e60-ba00-7e5a19b5897a,65558.97,2026-02-05,other,
820,3574,c1de7a9d-e698-44ad-a49d-42906fce558d,39443.4,2026-01-14,education,
821,3235,9357d3fe-7f9d-4ca9-bfe6-9f251685d92c,11783.26,2026-02-03,education,
822,3302,c66d0a46-00f2-4809-803f-06b284384c69,3500.84,2026-01-23,medical,
823,3546,731a4a78-da29-4fb6-aae9-66502e9516be,2815.15,2026-01-23,rent_arrears,174
824,3338,7e1390b2-a61f-41da-a2c8-ffac15efe4f4,4963.76,2026-01-27,funeral,128
825,3609,97688e5a-5d84-4bcb-9349-121c504d3c31,166484.81,2026-02-28,food,
826,3836,16d081ab-e73b-43d1-b4a8-494b8b7d534f,119018.67,2026-02-17,rent_arrears,
827,3738,97cdc763-a2ba-41dc-a1d7-55ea9f975045,97827.32,2026-03-12,rent_arrears,
828,3829,6b642c31-eea6-43cf-8a6e-fa1a1091b77e,183925.7,2026-03-09,childcare,
829,3745,8b65234c-964f-4fb0-9c80-4019e6894d15,149789.91,2026-03-09,other,
830,3819,87ca40fc-182c-4ec8-8906-1e683cc378bf,144747.42,2026-02-06,medical,
831,3927,59c62d64-e734-474c-ac6a-351d9856b7b1,70495.18,2026-03-06,childcare,
832,3624,bffbdad1-7b2d-4417-8ec3-c70a3ccbe68d,149363.77,2026-02-28,medical,
833,3619,23b1b122-d832-4bc2-8100-5e8118f07a6d,153997.55,2026-02-10,childcare,72
834,3648,a8bad0a6-9230-4ea4-821b-1d919f709028,95145.1,2026-02-16,medical,
835,3790,80c64ae6-42bb-425b-955c-a93dd248a59c,41431.95,2026-03-07,medical,
836,3753,b5e68910-ff33-460f-ae3d-6b932cfa12e8,111856.99,2026-02-26,childcare,
837,3886,2f418013-700e-4656-bb5a-b2f881f6df68,84313.84,2026-02-26,food,
838,3858,7dd035b9-20e6-45bd-b33c-ea6af41a1a90,73519.64,2026-02-20,childcare,
839,3617,ce37fb83-c535-4806-bc1f-dd05e39b5cef,68828.47,2026-02-28,childcare,103
840,3929,21de0848-be7e-49dd-ac13-0b8613476790,82763.3,2026-03-06,education,
841,3764,577087d6-b6ec-4ed9-8aab-0049268471db,118798.89,2026-02-28,medical,
842,3872,16126bcd-1e87-4ebe-8f9c-763910f03fa1,131320.05,2026-03-04,utilities,
843,3875,548034b9-4b32-404b-add6-c3691a3a01ed,97071.21,2026-02-26,utilities,
844,3653,2b4aeb26-2d9d-4a2e-9588-6f4e8f6ef5ca,45376.9,2026-02-22,medical,
845,3711,ad2b9d68-ef3b-4bf5-8d1d-eeef51b60f32,99075.11,2026-03-05,childcare,74
846,3837,ca2a6efc-ca75-4817-8e10-297d2ed6d4fd,57344.01,2026-02-22,medical,
847,3590,71d96325-92b0-405e-8fa5-87f3ffcc6d6a,71973.7,2026-03-04,food,
848,3679,2b375167-b3e9-4215-bd68-f28a0ddfb04b,91398.04,2026-02-14,rent_arrears,164
849,3723,a7fa9c2d-eb9b-4a45-b3e8-87b4341945b1,50579.81,2026-03-11,medical,205
850,3802,4ed280eb-87ee-4d72-a6b1-a1ba314154f3,60122.75,2026-03-02,medical,
851,3908,af0c492c-b6b2-473c-8b37-9149bb7ad730,46503.46,2026-02-04,medical,
852,3757,e4f8c1cb-7517-4390-b8fe-266d0a5187bd,82069.64,2026-02-18,food,170
853,3789,126d215b-5757-4847-9ecb-ee1508ca8406,125568.42,2026-02-20,other,
854,3849,0c95a71e-fc1e-4e00-842b-be590cdbbe98,23164.02,2026-02-27,medical,
855,3751,d6dcdb9b-743c-4aef-9e55-c77da79c54ca,48337.76,2026-02-27,food,202
856,3855,7e2e6245-643b-4e20-b208-b79dd1afaa6b,78946.22,2026-02-12,childcare,223
857,3717,dc87d0fb-2f94-4856-8768-ab0da688eb91,32118.91,2026-02-04,food,
858,3785,dede3189-0a61-40da-a9aa-2d3938e4141c,34925.82,2026-03-06,food,
859,3671,395f7447-b3e7-48b6-806a-1ba28420cc8f,39000.67,2026-03-07,medical,
860,3796,5db25609-e835-4a3a-892e-ab48e2bcc077,30788.48,2026-02-11,medical,
861,3656,0eb8f523-b663-40bd-8fc8-4278b705ea69,2764.6,2026-03-11,food,
862,3918,768daa06-01c0-4c09-9d1e-9e68c1c8f5da,15440.32,2026-03-08,medical,132
863,3880,d77727fd-931b-4bf5-8789-18abce099bd7,27461.38,2026-02-28,education,
864,3874,8036e5c0-077e-41e8-9745-572968a7cad4,25421.42,2026-02-23,education,61
865,3737,6cb1f7d9-bfff-4c1c-8ce0-32c8a5010811,10830.22,2026-02-13,utilities,
866,3803,924c3fa5-c0a5-4e23-b970-e7c4228a587b,2869.48,2026-02-04,other,77
867,3988,d7c54c17-617f-44c6-ab73-e7c6579a248d,229348.87,2026-03-10,medical,123
868,4155,befc7ad7-97b6-4760-8c24-fe92d9cc21f9,68261.91,2026-03-21,food,140
869,4272,97a0024f-3625-4348-a84a-79c888d65453,182097.27,2026-04-09,childcare,
870,4316,38fbdb9d-4415-470b-9016-a159571e01eb,115397.95,2026-04-11,utilities,130
871,4057,c4568f22-f0e5-40cb-bc1f-26d5f25e7c1b,132914.65,2026-04-05,medical,
872,4281,b1586a8f-c43f-4c51-82c1-45399ca633a7,141132.63,2026-03-18,rent_arrears,
873,4044,738393bb-c120-431f-9eb2-92d536bbcfff,137832.33,2026-03-16,other,
874,4147,39aad69f-8e0d-49a7-9a03-e2c902c0da31,153829.38,2026-03-26,other,
875,4086,9278c659-c513-4e68-a810-69993e12e3c0,60936.52,2026-04-11,other,
876,4167,b33f16a6-dc4f-4441-9aef-e766fb4abc05,97929.19,2026-03-24,medical,84
877,4265,2facf34f-2c78-4612-9fd6-70f933629ebe,110489.79,2026-03-23,childcare,
878,4065,8d82febf-ea05-47b8-95d2-38d0efa9b167,115608.02,2026-03-22,medical,
879,4132,d8c0bc77-246a-4d14-a143-eec6f7c69c34,117283.62,2026-04-04,funeral,
880,4082,cda81f67-2dfb-4303-a0e5-fbe12e5a6423,106717.31,2026-04-04,medical,
881,4011,ce37fb83-c535-4806-bc1f-dd05e39b5cef,122997.67,2026-04-05,childcare,
882,4207,0899e648-985c-4875-b859-916d8bf12002,55693.76,2026-04-03,food,
883,4019,52f641dd-b9eb-42b2-bc34-e5cbd8d4eef0,75915.04,2026-03-20,medical,
884,4224,8742f74a-5619-4365-af13-a60531c4daec,72734.1,2026-03-14,medical,
885,4282,9094d99c-81a2-4785-b654-6acf29434bd0,62516.9,2026-03-16,medical,
886,4158,f75a68b1-3eb8-460c-af4d-7ecb0e32731d,81162.02,2026-04-06,food,
887,3991,ee293097-3dfb-4d6d-85d5-33df4342a6c9,97564.72,2026-03-26,childcare,
888,4024,6ad6e19e-d0b6-4281-b8cb-7a7721fd7010,42349.09,2026-03-18,education,
889,4175,8d319d6b-e3a6-497a-a78a-cc8d964d1495,38396.56,2026-04-18,food,
890,4059,bae40adb-70ea-40b6-8a9f-92019e4f23e5,63892.28,2026-04-02,food,
891,4145,e328603c-e0eb-4518-97cf-156523ef04b0,78073.08,2026-04-14,food,
892,4048,c41cfe5a-f2ce-42a0-be0d-aa61730c229c,128237.07,2026-03-26,food,214
893,4217,8e436798-d08b-4fa2-898d-aa90ab4b88e0,120958.78,2026-04-12,food,
894,4162,491f138e-4be9-430c-ac6e-d12742db2705,92889.66,2026-04-10,funeral,
895,4225,a28611f1-9974-445c-b55c-ec93282ad568,89370.63,2026-03-29,rent_arrears,
896,4177,481e53c8-9605-4153-9c88-ae6fb2f79d8d,75925.79,2026-03-21,rent_arrears,
897,3962,8cd806b7-b5b8-4bd6-beb1-270a44a3699a,107208.48,2026-04-15,food,
898,4149,303340c4-d11f-4dbe-90b6-1436af06ee29,45989.2,2026-03-09,education,
899,4195,c95c44e7-cdf1-4882-b2f6-91f448802970,67460.11,2026-03-10,childcare,
900,4143,01ff0e8b-c9ec-44a3-8725-42387d07d2d1,29846.25,2026-04-12,utilities,68
901,4322,471f90fe-587b-4da6-818c-ff48d4ace616,28735.02,2026-03-19,medical,161
902,4230,a6d192c9-1957-4b02-810c-80ead6a4877a,37439.03,2026-03-29,other,
903,4271,d5ca0cc8-dca0-4268-a023-dac7fa53abc3,56764.85,2026-03-14,food,134
904,4294,ced4cf7c-1722-478b-ad23-6c0c413b3131,79337.46,2026-04-19,medical,
905,4030,6f0a7778-7e27-4e08-bf37-1694a1a1aafe,30130.34,2026-03-07,medical,194
906,4138,2a5124ce-3a9f-49fd-9a43-c1db7fb476f6,98198.13,2026-04-02,other,
907,4016,ff12f81b-2205-4b17-85f0-25b57ef76594,58632.89,2026-03-13,medical,134
908,4335,1827453c-9680-4cdb-9e47-c32319f5e31d,77837.59,2026-04-15,rent_arrears,219
909,4154,dd63597e-b346-4e2e-af49-64fe9bd00ca1,55408.25,2026-03-12,medical,
910,4339,820335cf-378f-4448-a152-37fbbc0ba0cb,42883.52,2026-04-07,education,
911,4042,3f5788ac-54a8-496b-8b37-de886a17e9e2,29506.41,2026-03-03,utilities,
912,4344,eecd3e54-a37d-4555-9106-fe07db91c1e8,10303.88,2026-03-30,medical,
913,4346,f209b7af-f34e-48ec-aeea-3c189ec9214d,6748.71,2026-03-20,medical,
914,4007,24455265-f6bf-49f8-a467-482cdd787347,2963.93,2026-04-06,medical,
915,4206,98352e32-7820-429e-bec5-8f9c34b1e5b5,11909.81,2026-03-29,medical,
916,4053,28ac618a-0278-4559-b620-2dc124c92b63,17514.77,2026-03-20,education,97
917,4004,717e8fda-6a70-44dd-99b2-ac1875b579d2,2481.87,2026-04-01,medical,
918,4172,16fa0fd2-e144-4bed-944e-963d2c5e4543,3000,2026-03-31,medical,
919,4278,562c0b13-a4d4-4d83-8d64-435e7d37a788,2545.72,2026-03-11,medical,
920,4181,8b0e2d6f-d8b8-45c1-8f37-e1661361dad9,33062.13,2026-03-28,childcare,
921,4047,79c711a3-6087-435e-9274-6d31ec3db2c7,7245.49,2026-03-29,other,
922,4039,99510295-0224-4707-8a82-4a8e57cffa8a,14276.81,2026-03-22,utilities,
923,4115,be2109b9-7ac8-475f-b26f-11b329c6aa2e,2634.04,2026-04-03,other,94
924,4319,9c1ab5a9-4708-42d3-9b18-ca1a6b07f000,2866.71,2026-03-18,food,
925,4361,4cad851d-f2bb-4195-b686-9a973147137f,151507.37,2026-04-08,medical,140
926,4726,ee1ab9ca-37ad-475d-ab03-d5dfb4ab250e,172433.49,2026-05-18,medical,90
927,4648,70904637-8864-4dc1-a6f2-5188161dcd7a,118058.14,2026-04-20,childcare,
928,4439,efc79b3b-14c7-45f2-882d-a5e9d7f8b7b8,121497.36,2026-05-02,rent_arrears,
929,4514,780616de-0f37-4ce4-8a9d-8af1ca2b9c2d,112284.2,2026-05-06,medical,
930,4442,cdb5863c-fbcd-434d-b05f-311106cf9d25,60347.31,2026-05-08,medical,
931,4701,60d2a8fc-8871-452e-9286-7464edcf01f8,90102.94,2026-04-16,medical,
932,4465,2aa5c1bd-6e0e-4ed8-852b-190cd88366f9,133978.82,2026-04-17,medical,
933,4636,18e608ce-1835-4e43-8f48-dde6d4d780d7,87564.62,2026-04-23,food,
934,4736,fbfc495b-f0c7-4041-a4bc-150fbcb02f9b,98293.58,2026-05-10,rent_arrears,
935,4436,c1a151e6-9d30-49d6-8797-6ed6b78d8c7c,75368.75,2026-04-23,rent_arrears,151
936,4389,807e5812-337a-4cab-ad32-09c4d40ee3fa,87845.13,2026-05-09,food,142
937,4601,0e128538-baaf-424b-90a1-cedb81e2cc32,65952.72,2026-04-16,medical,
938,4578,6f0930cd-6549-4571-93cc-274bfeb695ba,61749.47,2026-04-28,medical,
939,4698,538970b1-c02d-4c56-a70b-0a05268e929a,69792.93,2026-05-08,utilities,156
940,4416,1f1f078d-d878-4896-a271-66ae93775e52,104518.21,2026-04-21,food,
941,4434,fbce8d4c-02dd-4054-a7c8-d2825ebd52d8,54249.24,2026-05-06,childcare,195
942,4408,2a930296-5da3-44c3-aae9-062027e436f5,65894.66,2026-05-05,funeral,
943,4581,e8016095-e35e-4139-90ca-9ca0ea773a45,68443.61,2026-04-15,food,146
944,4476,ddb3a08c-3735-42a6-886d-6a825c4d4251,33121.59,2026-04-20,food,
945,4717,2275ce9a-0828-41f1-a047-2c08c8f855e1,32183.05,2026-05-11,education,
946,4374,92914c12-6c97-43d8-a980-83fe6caa0d7f,46808.07,2026-04-20,food,
947,4706,ecae2e3d-e14c-4333-922f-01fd7c3d3547,49472.29,2026-04-27,childcare,
948,4455,ab2a0d44-f84c-436a-aa9b-4a6a24eeafec,42455.65,2026-04-26,medical,
949,4508,6473295c-99c5-47c5-8a48-770512d46b91,109959.94,2026-04-17,education,
950,4727,d77761cd-443d-4e73-bb9b-8fb52436b254,88658.63,2026-05-10,food,
951,4620,6d462cb3-f33e-4719-8d7e-1c7f1ff4f3cd,79723.35,2026-04-20,childcare,
952,4538,bb7cbcdc-ad87-4795-87ab-6099a2286ab9,38858.26,2026-04-26,food,
953,4428,0b9fb44b-8b3e-41bb-a97c-eafc0ef49941,71047.15,2026-04-15,rent_arrears,
954,4491,622fff4e-2940-4bd6-bae5-a65cb8a2b823,84070.76,2026-04-21,education,
955,4563,4e7a5382-4418-419d-b463-b57b7b494692,41117.91,2026-05-03,food,
956,4365,6d9e7e01-f39b-4be4-a056-2e8c6a23cfd0,131864.07,2026-05-05,rent_arrears,
957,4600,a9feecf7-6231-42d0-914a-41af8a475d75,78179.24,2026-05-01,food,
958,4405,a3dd1fbd-5dec-41c5-8b07-e854873987f1,74128.94,2026-04-22,childcare,
959,4397,84138f61-6b1c-4fa2-b628-4ddc97e9cde4,42027.66,2026-04-13,childcare,
960,4584,9833e176-1c0d-44c4-b010-42986d33e969,38686.43,2026-04-16,childcare,60
961,4719,909de811-207b-41cf-acb2-97743b052024,35149.11,2026-04-22,food,117
962,4488,de52e948-d9c5-4ec4-b056-8d633b24c3a2,75162.51,2026-05-06,food,
963,4647,8b5ca3a6-c1c2-4a0f-8548-5ea86f85df31,27980.8,2026-04-10,food,218
964,4718,f2716fa7-0b5e-46fe-93e5-ff0e82f6180b,84200.74,2026-04-13,rent_arrears,
965,4387,dbb00f16-4937-4adc-baea-246e138e53a3,78592.08,2026-04-30,medical,144
966,4674,0c31ea56-fffc-4413-8a4a-ae7e30beea1c,47692.9,2026-04-27,medical,
967,4458,e390bded-9593-42b2-82a4-a60826383a28,64717.17,2026-04-09,rent_arrears,
968,4707,3646d6bc-f290-4826-a9df-777380e0508d,43755.14,2026-04-23,education,
969,4390,a7d70bfb-ce13-4929-b9c6-60de2377b302,57026.53,2026-05-06,other,
970,4729,31d9a062-293a-4988-b3d3-b7911406def6,25195.13,2026-04-27,rent_arrears,
971,4452,ab6bf7ea-518e-487f-b063-87729ee52f37,50490.26,2026-05-14,other,
972,4355,e60e3792-8a22-4a06-a0a4-ab4cb3183b79,47379.8,2026-05-02,other,176
973,4631,01b20b14-1e0e-4a57-8cad-f950f5aa5e45,15438.96,2026-05-03,utilities,
974,4641,10972684-3ffc-4dd0-8590-bd507d5f6682,18485.29,2026-04-09,medical,142
975,4579,5bb892ba-3dc8-406e-a35c-60e8beb2251c,3000,2026-05-15,food,175
976,4642,900bb975-ffc3-4395-b3c6-54e6e046ee07,2591.18,2026-05-12,childcare,
977,4685,4b404689-1f4d-4782-98f0-b32178417ee0,2773.0,2026-05-03,other,235
978,4383,eced6879-7a05-421b-8f99-f75ea0d0693d,8280.76,2026-04-14,education,
979,4585,4a3bd1fd-a365-4191-8229-f118e5f1a1bb,7444.88,2026-04-07,utilities,
980,4597,860b6f02-59f4-48ca-9237-6d968d4c19c6,6611.93,2026-04-11,other,
981,4786,be9b2a0a-bb35-4cf2-8fd8-58b3a1ec4378,138629.76,2026-06-09,education,
982,4989,de75853c-059e-4856-9908-d8069ff66956,190463.97,2026-05-09,rent_arrears,
983,5161,2587a64c-a182-4b75-a803-41e805ae5d60,60320.33,2026-06-02,medical,73
984,4810,4256e5a2-2c7b-40f3-ad25-73ce9739b135,123297.12,2026-06-07,medical,86
985,5026,f2e49399-29f0-4597-b9ed-e994a722a92e,158719.17,2026-06-11,education,
986,4923,e729edb1-0728-48a2-8974-bb59919276b8,185898.49,2026-05-24,other,
987,5095,b1586a8f-c43f-4c51-82c1-45399ca633a7,150767.96,2026-06-08,childcare,167
988,4867,e39573a0-986d-4713-962b-483beba87b7c,68852.64,2026-06-05,rent_arrears,
989,4807,47e2d8fc-c0b6-4992-bfaf-2f1f09c8cd39,116971.85,2026-05-21,medical,
990,5053,9730f408-4288-47f1-822d-05c45a5effb4,161872.49,2026-06-02,medical,180
991,5086,305d7c81-609b-4ae2-9127-c6375abfcf3d,51803.6,2026-05-21,medical,86
992,4746,72d9ca14-f788-429f-a7df-87a555933ac0,83219.97,2026-05-03,rent_arrears,
993,5075,2facf34f-2c78-4612-9fd6-70f933629ebe,132913.64,2026-05-25,food,
994,4935,630f7453-9bd7-402b-8baf-b49d430a74de,156007.64,2026-05-22,medical,
995,4796,656ee90d-2cae-4a24-b851-acd5388eab12,96397.31,2026-05-13,medical,157
996,5115,c9a8f52f-0b4f-4105-bcd7-7e64b64e302a,99986.44,2026-05-23,other,183
997,4806,f70e46c9-e56b-4b34-b8e1-3e9d716146f8,62081.48,2026-06-15,other,175
998,4976,b09e0ce5-1879-4d4c-bd93-87b7b55ca38f,48659.98,2026-06-10,utilities,
999,4996,3f612e95-0dac-4ea9-b3b0-c6c628e2a270,97567.2,2026-05-23,childcare,
1000,4773,013822d1-4c8c-456b-8c47-f341801e2525,78972.27,2026-05-21,childcare,120
1001,5004,1f2afba3-b77e-414e-88d9-95bc166831ac,97234.61,2026-06-06,medical,
1002,4756,1f7cf221-1662-459b-9638-e3983e60ef1f,109516.05,2026-05-23,food,
1003,4832,339316fd-e793-4859-b7b7-fb96739233aa,110095.44,2026-06-01,medical,
1004,5045,142fe8f1-1205-420f-8ef0-ee52db3945da,89409.72,2026-05-23,medical,138
1005,5079,437c5f11-94ea-4c79-afe2-d94bc8bf4cd0,81473.52,2026-05-12,education,
1006,4947,0118a1ed-63e5-4680-b8a2-dbbb8c553441,59192.07,2026-05-07,other,186
1007,4824,fe46a439-d5f7-415e-bbcc-67108f92bd1c,94640.95,2026-06-05,medical,
1008,4977,48781ac1-bf94-4d37-bd90-9ac79b317b50,47559.31,2026-05-20,rent_arrears,102
1009,4886,4d5b7d7c-1811-4b44-8724-17f59f1d78d2,122924.5,2026-05-20,food,
1010,4771,fb4c5c08-6ca2-4c15-8a1e-49b686fe791d,52451.18,2026-05-19,food,
1011,5068,27292d47-c3e1-4ea7-901e-1ccb4679942f,57101.08,2026-05-28,food,86
1012,4939,8a487b22-0f52-4499-9c26-f8c4f0e49423,107635.03,2026-05-03,food,
1013,5074,22f86062-1051-4312-b55f-b4be9148af9b,64998.91,2026-05-09,childcare,
1014,4870,e562305c-95a6-41ec-9810-0a2cd8309759,51848.47,2026-06-10,utilities,
1015,5058,fdfff71a-7064-4b81-a4d7-f2a399025115,60323.25,2026-05-31,funeral,
1016,5117,36ff1c61-3993-4cc8-ba2e-8cc83cb047a1,36114.39,2026-05-24,other,
1017,5007,56047cce-e539-42ac-ada4-26096e461e97,42575.99,2026-05-14,medical,
1018,5005,a14f72c5-e170-4939-b2a4-7de89e026926,25785.47,2026-06-09,medical,203
1019,4798,5a19264d-5fa2-4033-a2e4-faddc227449a,50652.12,2026-06-02,education,
1020,4843,d064eb91-634b-4575-b4c2-067fd61aded4,47459.06,2026-06-14,education,
1021,5157,4d6636a4-2e43-48ee-bac2-adc0ed72cce6,18683.73,2026-06-15,childcare,
1022,4885,0eb60e02-b568-482e-a3a4-d51831936578,12652.14,2026-05-28,food,
1023,4954,497c7812-4d0a-4b9a-9c62-e886a3dd56a5,8571.3,2026-05-09,medical,202
1024,5048,f9f6827d-2126-4255-a9de-c1d1b0c024ac,2525.09,2026-05-20,medical,
1025,4873,bc195c1b-5a88-491f-9f19-b4814d3f7f8e,2959.69,2026-05-18,medical,235
1026,5152,319fff62-13db-4508-b004-7477ad57f0a1,14911.7,2026-05-19,rent_arrears,
1027,5002,9715f45c-4895-451d-bfa7-6985708d8b35,9728.29,2026-06-07,childcare,
1028,4917,3ee5cae7-cf02-4081-bc5a-90390d2c5ff2,2551.05,2026-05-20,medical,
1029,5410,f6f83a08-1ff7-47ec-a8e5-24a95876ec01,163182.92,2026-06-24,childcare,
1030,5391,0ce94534-74b1-44c7-b8b9-34e230a84bb7,74371.49,2026-06-18,medical,
1031,5218,7f159bed-bc93-4b17-905a-af81196e5d35,121224.22,2026-06-07,medical,
1032,5478,6596bfba-ca87-4b9a-9346-29fcb5f9f2c0,130447.75,2026-06-05,childcare,148
1033,5498,3eb280f7-24e9-477d-85a3-9d8b0a3a8fc0,119906.99,2026-06-15,rent_arrears,103
1034,5576,92e78b8d-2ef1-464f-b478-91e1a0ae8e13,161328.31,2026-07-12,rent_arrears,134
1035,5428,488eb7ce-2837-41d0-ae0c-02c46fdecd13,68787.86,2026-06-13,utilities,
1036,5332,d5be96a9-95f7-4d05-9ea9-cd42338aa480,132746.88,2026-06-30,food,
1037,5577,0aed82d3-8d26-49d9-9e72-f09c643255bd,91196.81,2026-07-11,food,189
1038,5548,60d2a8fc-8871-452e-9286-7464edcf01f8,82888.26,2026-07-01,medical,
1039,5549,5ca30d0d-262a-4986-a203-d69d76a7b2a2,135858.34,2026-06-25,childcare,
1040,5287,b831a457-d08f-4c01-b481-84ec8695fd08,64495.83,2026-06-15,food,
1041,5555,8661fb64-59a6-4e87-ac92-7b7825b7d0e7,61166.59,2026-06-27,education,
1042,5398,3fb16853-4824-43a0-ab56-0cf865b4cf30,81738.22,2026-06-23,funeral,
1043,5343,a2cc8c4b-d508-4f48-b1a4-cf714655d8c2,60650.4,2026-07-16,medical,
1044,5475,54617815-0667-4523-bc91-fc43a1bc0c3e,134699.87,2026-06-22,medical,
1045,5441,32c94ce8-9503-4147-8c1b-0ffb4e1168d4,71693.25,2026-07-04,education,205
1046,5364,0ca65ca5-ff67-4118-9b4a-120cb4639011,55781.59,2026-07-15,food,
1047,5296,9278c659-c513-4e68-a810-69993e12e3c0,103854.26,2026-06-07,rent_arrears,92
1048,5331,fe111055-be44-42cc-916a-7304b53a707d,114567.9,2026-06-25,utilities,184
1049,5227,a8bad0a6-9230-4ea4-821b-1d919f709028,81134.85,2026-06-21,food,
1050,5568,71ab46c5-225b-463c-b93e-d2660f39db43,59176.29,2026-06-18,food,77
1051,5245,fda7acab-eb61-4257-91f9-3083729cdcd3,51071.34,2026-07-11,medical,
1052,5223,5fadd8c4-0e5c-4a37-987c-e155b49b235c,125515.56,2026-06-28,childcare,
1053,5195,a29def47-c94c-4419-a7bb-028bf2e7ea83,58331.78,2026-06-05,food,
1054,5457,706f1454-22b3-4a15-8ce9-ca6f43f0e5a6,66027.38,2026-06-25,medical,145
1055,5286,3dc90833-01c3-478f-b58d-851923d271f3,121579.95,2026-06-17,other,88
1056,5443,4c225c10-b103-46db-b025-2e84d7b69808,60958.95,2026-07-01,education,
1057,5249,bb4f0605-ec5d-4d57-ac9e-29a4bbd83f65,49038.99,2026-06-30,medical,
1058,5440,b0879262-1f4a-4a0f-a6cc-e758c8c153f2,108785.56,2026-07-06,education,76
1059,5262,2b375167-b3e9-4215-bd68-f28a0ddfb04b,62000.14,2026-06-29,rent_arrears,60
1060,5337,87d859fa-c91d-43f6-9a1e-912dd70cc63f,57639.64,2026-07-04,food,
1061,5460,a6d192c9-1957-4b02-810c-80ead6a4877a,45425.83,2026-07-08,childcare,
1062,5390,ea01f112-7d93-481c-ba09-23a2d2851e5a,81747.35,2026-07-06,education,
1063,5201,0c5cb62e-faed-4c32-a2cc-a1604b5dfb08,81739.37,2026-06-28,medical,
1064,5590,0abd3dff-b667-42e6-831a-3de77254ad10,53421.57,2026-06-19,childcare,
1065,5529,010179d1-2df1-4c68-a626-5b07cb2af84d,29100.64,2026-06-22,education,193
1066,5199,6b610880-4c75-4476-a261-393ebc39fac0,42435.83,2026-06-27,rent_arrears,
1067,5305,e98ae138-2e3d-4747-bccf-5a0f822f1868,27699.62,2026-07-04,childcare,
1068,5571,9f596b9c-563f-4221-af72-e14bb28736ea,27880.87,2026-07-14,other,
1069,5166,a865d1a2-2bbc-4d41-8bed-065c044ebe31,24472.11,2026-07-16,utilities,
1070,5290,0b2e234e-69bb-43ed-8104-4bad6619761b,20422.43,2026-06-13,food,
1071,5295,100394cd-cd07-42bf-b608-797f4935b63c,20942.77,2026-07-02,education,
1072,5370,619280c4-86a5-4e95-aed6-f6892a5c43d4,22110.49,2026-07-08,education,
1073,5563,8d1bedf2-65f0-4574-956c-cc06d5efb2ba,2726.83,2026-06-19,food,
1074,5373,453798db-4d1f-4f1a-8ab5-68b91838c88e,2710.34,2026-06-12,food,97
1075,5436,6c08c2aa-d278-491b-8b48-cf34c13846ab,6758.78,2026-06-20,education,138
1076,5513,975f661c-6269-4066-88d7-81640da413ce,2406.18,2026-06-25,funeral,108
1077,5283,d2b13c52-259b-4533-b7b1-ef621b9f1fde,2647.65,2026-06-19,other,
1078,6059,ee1ab9ca-37ad-475d-ab03-d5dfb4ab250e,230027.05,2026-08-12,medical,
1079,5981,75fc85d9-c278-4d02-9fac-45ff566e3d33,87684.74,2026-07-30,medical,
1080,5838,b2324a61-615c-4116-8368-7fd8d3ca6b9a,141541.89,2026-07-30,education,
1081,5931,b95bc5ad-b08e-4cd2-a114-e0ab1a8d7894,133095.71,2026-07-19,medical,
1082,5716,2aa5c1bd-6e0e-4ed8-852b-190cd88366f9,149406.77,2026-07-26,medical,
1083,6009,cc5be51d-b52d-4aa7-923a-1be06eb377ed,127038.68,2026-08-06,education,
1084,5746,764f805b-a495-4d2c-99bc-c30eff0cebb5,147196.22,2026-07-17,education,126
1085,5849,195432ff-dca5-47ae-8ab3-f5495caf95df,120673.39,2026-07-13,other,
1086,6032,329e9701-05ad-413c-9474-3473aa465bbd,141149.01,2026-07-07,food,
1087,5657,0511bc2b-971a-4aed-aed1-b19573880c44,105738.87,2026-07-10,food,
1088,5912,8e436798-d08b-4fa2-898d-aa90ab4b88e0,73794.45,2026-08-02,food,
1089,5677,78711f9d-12cb-479a-9011-38f19c5e2264,134035.62,2026-08-02,utilities,
1090,6035,94d6712d-8635-451e-b2f7-16baec2ef464,135897.03,2026-07-20,medical,
1091,6062,20ec3f8b-b99c-47ec-9e8e-dcc74a4b2edf,106681.93,2026-07-24,rent_arrears,
1092,5673,0d42455c-3867-4b22-99e0-87d6f2fe1227,78715.83,2026-07-22,food,
1093,5894,50d9236f-f617-47ba-bd40-f5887ae25f6e,58600.46,2026-07-18,food,
1094,5876,2019142e-ae7a-4948-9aab-dc1d127cf154,44631.64,2026-08-03,food,
1095,5659,f68e1243-ea53-4e6c-8222-ed0e1b6c5a9e,54330.68,2026-08-08,childcare,135
1096,5654,c71a2526-b5bc-416a-b900-1530cae8b257,77917.14,2026-07-25,rent_arrears,
1097,5933,99eb15e6-36d4-4552-8ad1-28a109044991,84375.68,2026-08-08,food,
1098,5828,20fbf862-d820-4791-9f2d-c70770621bd7,111994.8,2026-08-15,medical,
1099,5735,da5f0d65-2583-4b2e-9765-a91b316c80e3,65898.35,2026-07-24,food,
1100,5999,65727132-2615-48b9-9fc0-1b3ac2dd476c,47758.52,2026-07-22,food,
1101,6040,41268752-7a82-4b64-93b9-f7eca80dbd2d,57128.75,2026-07-28,food,230
1102,5762,e3917fa4-f1e4-417e-b8c4-0527c47e3764,129335.14,2026-07-30,education,
1103,5816,e4f8c1cb-7517-4390-b8fe-266d0a5187bd,54000.99,2026-08-05,food,92
1104,5691,02fc6d6a-43ec-43c2-9264-14650f1a38f5,56445.98,2026-07-20,food,
1105,6055,24180ccf-2631-4a9a-a459-376d9da0c4c1,48979.33,2026-08-04,food,
1106,5778,ed6f13cf-a3b5-4bac-8519-27303d851e38,29214.03,2026-07-18,childcare,
1107,5880,a03b206c-7a49-44e0-9d84-1a45d177bdfc,51442.8,2026-07-18,food,141
1108,5646,edc28a42-173e-4303-8945-4c9c1e3f7ec6,91179.85,2026-07-29,funeral,
1109,5638,0e18931c-f07b-4c67-8334-326f0d4db1a8,83887.76,2026-07-22,utilities,
1110,5655,775704ab-bcd2-4635-bd98-3ed5d1e1142f,72344.66,2026-08-07,food,
1111,5734,03bb9074-df3b-450a-be5b-009a522951c1,38637.56,2026-07-18,food,
1112,5794,d708cfcf-9f1f-47de-989a-deb80a0c498b,92745.41,2026-08-09,childcare,
1113,5805,f26cb3b2-fa7d-4aa0-9733-b4cbe596faba,127548.74,2026-08-16,other,189
1114,6070,9ff95657-f479-4d4f-aa93-038ff4bd18cb,72009.02,2026-07-15,other,103
1115,5918,44c5cfc0-3c24-4f55-8846-31df2359d05e,55024.9,2026-07-22,food,129
1116,5844,a1a5ec10-8109-44a0-a9d9-d6c3aa8bc679,91078.37,2026-08-04,medical,
1117,5869,fb98bbcf-6aeb-409b-a857-2be848f7174e,32441.8,2026-07-08,rent_arrears,
1118,5984,f2ebf4dc-7aa9-4250-a1ff-5d0cfcaae2a6,51713.36,2026-07-28,rent_arrears,207
1119,5967,e7231703-fb92-4cd7-8447-98cddeadc1f1,45628.46,2026-08-02,medical,
1120,6022,cdd7a77f-8d3b-41d5-a44a-d2e3fa9f4f95,35343.15,2026-07-30,education,
1121,5968,3cf6fe02-3db0-42d0-94b7-05e611505fbb,37897.07,2026-07-07,rent_arrears,
1122,5711,d2a94940-1fc9-41da-8522-6d996e9b5a86,45029.02,2026-08-03,utilities,
1123,5900,e3f42eb3-30a1-4a5d-92a3-5d2bbc726f29,26277.88,2026-07-26,education,
1124,5707,c9ed8253-32e6-439c-9a49-72f0b7406239,3000,2026-08-06,food,
1125,6044,d19cc0ae-56db-4d32-a2b8-7687fc79d1c8,29970.46,2026-08-02,rent_arrears,
1126,6050,473f6204-ca6b-4fc8-90d1-629c6c71ab9b,20983.39,2026-07-15,education,84
1127,5697,702d02c3-0248-4451-8593-3c1cbd157561,5012.21,2026-07-23,education,191
1128,5896,c908a372-b469-4ece-9ad7-df4e809d0209,22993.28,2026-07-17,education,
1129,5957,18465463-b3ff-4f02-8a83-3a343c8c2a64,3000,2026-08-12,education,183
1130,6235,e25bace4-f132-4561-b252-f88c360a7fa6,215760.77,2026-08-10,food,
1131,6163,8541cdc3-1273-48ad-8684-dd2c9ebb7126,90350.29,2026-08-10,medical,
1132,6148,4256e5a2-2c7b-40f3-ad25-73ce9739b135,167258.97,2026-08-30,education,
1133,6086,9f49d62e-28ea-46ee-9d75-5c1446d87e31,81122.02,2026-08-19,medical,
1134,6424,9730f408-4288-47f1-822d-05c45a5effb4,129266.21,2026-08-29,medical,
1135,6112,7898c884-5cce-4aef-bf56-f7b27e48f2bc,88756.77,2026-09-14,funeral,153
1136,6490,52526a47-6ad1-4f6d-88d0-4b4f6d6ce016,56635.75,2026-09-02,utilities,
1137,6510,fb269be0-3dee-4b77-8dc4-1b448c255605,173203.21,2026-08-30,other,194
1138,6461,6cc5c19b-f23e-45f3-ad1c-17b06f45073a,115665.72,2026-09-02,rent_arrears,
1139,6331,f274845e-1b8d-4f22-b4fd-fbd7470fbc7f,88832.17,2026-08-25,medical,
1140,6323,bcc87980-f137-4962-8912-ed2202a1ed0a,77051.85,2026-08-21,food,199
1141,6501,584c3107-ec26-4484-847b-249bf0f85066,188300.05,2026-08-25,medical,126
1142,6439,69fa8992-06e0-450a-8f7d-552d32f4cddc,120194.46,2026-08-26,food,
1143,6258,f5126571-95c3-4ebb-a703-28f65b9387cc,130997.58,2026-09-08,food,
1144,6259,303738bc-148e-48fc-829c-d4c5f9f344a8,77467.72,2026-09-03,medical,122
1145,6413,18e608ce-1835-4e43-8f48-dde6d4d780d7,44556.7,2026-08-26,rent_arrears,91
1146,6358,f36eedf1-d7ec-4338-8790-73bb832ff4af,48480.91,2026-08-20,food,
1147,6089,1263203f-3065-42ff-a6e6-209534619998,90486.2,2026-08-31,food,166
1148,6214,eb059e8b-e11f-4f49-9a7c-e40ec367e0df,122597.61,2026-09-02,childcare,223
1149,6191,3628e70a-db80-4a54-a1a2-b567af4d9433,87231.59,2026-09-13,medical,
1150,6208,cda81f67-2dfb-4303-a0e5-fbe12e5a6423,82342.88,2026-08-24,childcare,84
1151,6222,b3e260f3-53fa-441a-b6f8-9450e4722063,154914.9,2026-08-28,childcare,
1152,6468,c7f51902-d785-4923-8bab-f6680ce3e51b,107662.3,2026-08-28,rent_arrears,
1153,6117,5989329a-7c97-43f5-afd7-2c12b79eab2a,106462.47,2026-09-10,medical,
1154,6500,23748568-404f-4649-9105-0c0b82026090,80904.21,2026-08-26,childcare,
1155,6476,593d4040-e8da-4c9d-a7ea-1a2066c249db,42135.39,2026-08-16,medical,
1156,6538,2c9bcf89-2578-41e4-a0e3-60e5a180c2e2,55688.23,2026-09-03,medical,
1157,6161,f04bfa9e-7c7b-4305-be95-324c775e1225,122237.21,2026-08-27,other,
1158,6169,495d4d1e-de0f-4025-ba92-38713d8d5325,60179.11,2026-08-18,education,
1159,6237,ef694235-ab59-4a51-a90c-988406815000,16040.78,2026-09-07,medical,
1160,6217,bb1f8710-be23-4c00-9452-4e615b8b396e,42896.7,2026-09-10,utilities,122
1161,6192,30b6e31b-d513-452f-850f-03f459bd7953,32622.25,2026-08-18,medical,
1162,6245,da88c4a5-a914-43f6-97f6-0f448de6d626,91813.96,2026-08-07,utilities,
1163,6186,8f26f069-607d-4c37-ae76-4bdd262f3afd,25523.42,2026-08-07,medical,
1164,6443,dca23372-781d-4df8-a459-65c7a88db0c0,95404.85,2026-09-15,utilities,
1165,6498,11c795db-6d43-406e-8c19-ec5f060b6b5b,22234.44,2026-09-04,food,
1166,6362,8389e799-7365-4e69-aa1b-b3efd18b12a4,28859.68,2026-08-07,childcare,
1167,6383,7c6988da-bf0f-49f0-b49b-b18da57da25a,53356.29,2026-09-06,utilities,
1168,6428,e5889d14-0732-42d2-b996-16a648953dc6,11732.26,2026-08-20,food,
1169,6144,8818f90f-b512-4cda-84fd-b2e84ef056b3,3988.32,2026-08-29,other,
1170,6187,47212ff6-0e68-4779-bd1f-3a9a6a222b82,19118.82,2026-08-10,medical,102
1171,6354,d9b2e734-3b28-457e-a0e0-4d3c86368ca5,10885.22,2026-08-16,education,
1172,6150,0dbbb9e7-e6a1-4837-90da-0b1b57212573,2918.99,2026-09-06,food,224
1173,6330,0ee96efe-45b1-49b9-ac7e-c4406f362338,11188.12,2026-08-24,medical,
1174,6224,3e898834-f765-47c8-929b-0793401346b2,9060.61,2026-09-03,food,
1175,6319,f0c06ed1-68ea-4922-aa1c-a9806c0c0b55,4454.83,2026-08-22,utilities,
1176,6087,c7065f31-cc41-40f9-9b17-e85fa7ba187f,10589.7,2026-08-14,childcare,
1177,6253,fc987eb7-4b5d-4e6f-820c-79d97d232fb1,3000,2026-08-25,medical,196
1178,6210,78dd4ab0-99f0-4984-8952-5a362ffdc5f7,2793.96,2026-08-31,education,162
1179,6213,0c79d104-124a-4efe-a431-aa7f4134e7d2,3000,2026-08-31,medical,
1180,6276,3dcdba08-0012-4193-bf73-45189c6baee5,2827.35,2026-08-10,medical,
1181,6374,e88a8fe8-a2fe-46aa-8ed1-168ccaf0a8d6,5123.31,2026-09-11,other,
1182,6715,e47d28c2-bfc0-4bcb-afd7-2c2401980f12,235503.98,2026-09-17,utilities,
1183,7061,abcc3093-1c5f-42a2-8d58-f6dfb1f7e885,119627.29,2026-09-27,food,
1184,7109,2d4695ac-1e0a-4cc8-9e0d-aa0884a222b3,73004.97,2026-10-01,childcare,
1185,7082,21de0848-be7e-49dd-ac13-0b8613476790,100488.88,2026-10-05,food,81
1186,6558,72d9ca14-f788-429f-a7df-87a555933ac0,131920.12,2026-09-17,rent_arrears,164
1187,6633,c76814cf-cca3-4f3e-b50f-1b5fa3cc27c0,74464.77,2026-10-07,education,
1188,6608,23b1b122-d832-4bc2-8100-5e8118f07a6d,133269.14,2026-09-25,childcare,
1189,7060,84c60d0a-6bcd-465f-bf85-88ed1f92c405,118111.23,2026-10-12,utilities,
1190,6563,71d96325-92b0-405e-8fa5-87f3ffcc6d6a,49281.92,2026-10-05,medical,
1191,6978,a51190d3-78b2-4dc9-9871-d9659549d19c,153785.98,2026-09-17,rent_arrears,
1192,6876,6f0930cd-6549-4571-93cc-274bfeb695ba,44463.72,2026-09-28,rent_arrears,86
1193,6830,0118a1ed-63e5-4680-b8a2-dbbb8c553441,47419.6,2026-09-30,funeral,
1194,6804,b38c7815-18c9-4239-9f7b-f941d74b15d0,85177.06,2026-09-16,funeral,
1195,6589,013822d1-4c8c-456b-8c47-f341801e2525,127460.29,2026-09-15,education,
1196,7063,8661fb64-59a6-4e87-ac92-7b7825b7d0e7,127694.6,2026-10-13,medical,146
1197,6737,459a1216-0906-4293-9af8-c3c9a2c9a363,110291.47,2026-09-21,rent_arrears,203
1198,6568,f1971d2e-b828-4db4-9c5c-9ed82ba0f99d,49340.79,2026-09-04,medical,207
1199,6698,c20eb3c5-9263-4f7f-932e-b3c4730c177b,60023.74,2026-09-14,childcare,
1200,7057,60d2a8fc-8871-452e-9286-7464edcf01f8,81467.18,2026-09-10,food,206
1201,6718,15d0d4e4-068c-4e66-88ab-45e4548f27f7,87326.92,2026-09-12,food,75
1202,6821,3c26c95d-d772-472b-8923-3e0c4c38e31a,61694.01,2026-10-06,education,
1203,7108,d6ce4d88-a0f4-4043-8f84-37ab11896375,134488.1,2026-09-19,medical,105
1204,6721,68fccbc7-7401-4bd7-893d-8bc4429ac638,64467.8,2026-09-29,medical,
1205,6647,f70e46c9-e56b-4b34-b8e1-3e9d716146f8,124765.88,2026-10-08,childcare,121
1206,6859,bf0528ef-0987-4baf-a174-c299509c5fd8,50776.84,2026-09-22,medical,217
1207,6889,9833e176-1c0d-44c4-b010-42986d33e969,91089.92,2026-09-14,medical,129
1208,6935,0f32a11c-3473-4bb5-95e3-6d7c1e285c09,38830.86,2026-09-08,utilities,
1209,6981,a245e4ef-6c03-449c-b00d-3095e8596835,62325.84,2026-10-02,food,
1210,6670,cbd80ae5-6732-4dea-85a9-9eeffc9b92ad,70928.59,2026-10-10,other,
1211,7001,c4e62955-843c-4178-9949-462150e940ee,67029.84,2026-10-04,funeral,204
1212,6636,6bd2161e-73ae-492f-843a-57c3723141b0,76118.77,2026-10-02,food,
1213,6733,52439335-e932-4e92-bfbd-6bd096d27aba,59496.63,2026-10-08,childcare,
1214,6906,bab22954-012b-4c1c-9477-534f97b04969,26636.8,2026-09-27,food,120
1215,6728,adf302e2-b7c3-4c11-ace6-dc61ad4412ab,29101.88,2026-10-09,childcare,231
1216,7050,e1340914-1135-4388-bb1b-c43fbd06eab5,17168.59,2026-09-17,childcare,
1217,6838,fad8c25a-af9a-4a79-b9e0-ff53984891ed,46285.85,2026-10-03,rent_arrears,107
1218,6873,16df532c-f746-4070-9249-22d0da903b0e,35017.05,2026-09-15,food,
1219,6982,80dff539-f4c3-44cb-a738-ccce0a1b695f,46689.2,2026-09-16,childcare,
1220,7105,03894562-eefc-4c54-83f3-aecaa9a742fb,18815.5,2026-09-21,medical,145
1221,6654,ce87676b-ad83-4aa4-a96c-8f7f95b4f608,34435.39,2026-10-09,childcare,85
1222,7067,433204ba-c459-4d04-be42-ea57a1a46120,20889.81,2026-09-17,medical,234
1223,6927,a787580d-9391-4875-a257-24c5e7f4ec02,34174.71,2026-09-22,other,
1224,6606,6b57c0f0-87b1-4c05-a7a2-f1365dabe4e0,4378.35,2026-09-09,food,
1225,6867,0f4dfbc1-9df0-40fa-8a18-ff943fbacc05,2495.3,2026-09-29,medical,
1226,6604,28f0f950-f8d9-4875-b764-20583f2b1944,3000,2026-10-11,medical,
1227,6999,d09484f2-dadd-41e4-87ce-2588d4dd1226,2551.91,2026-09-11,medical,
1228,6693,c0c6d02f-b67a-42e5-8798-fd27856b88e5,2384.08,2026-10-02,other,
